qwen_macro,publication_year,n,n_broad,n_specialized,journals,status,estimate,se,ci_low,ci_high,bootstrap_ci_low,bootstrap_ci_high,far_near_broad,far_near_specialized,display_label,p_value,q_value_bh
0,2015,18428,8197,10231,3052,estimated,-0.09942081739912145,0.11196923628061704,-0.31888052050913085,0.12003888571088794,-0.30863277060836697,0.1305048620635113,1.5012612653380264,1.3591843551288554,"Business, economics & policy",0.3745785338668717,0.7313199946924638
0,2016,19622,8579,11043,3332,estimated,-0.18816530545056348,0.09896208696821021,-0.3821309959082555,0.005800385007128539,-0.37455794659100555,0.0008647052568561875,1.5986682725093888,1.3244610838542847,"Business, economics & policy",0.05725123550825124,0.28323197801281697
0,2017,22690,10050,12640,3531,estimated,-0.10292519353445762,0.1015140558753693,-0.30189274305018143,0.0960423559812662,-0.29404544537143334,0.11594417677765957,1.492816671446126,1.3468109321717465,"Business, economics & policy",0.31063003756651153,0.6978537830261355
0,2018,24227,10986,13241,3729,estimated,-0.1220609355483111,0.08649252382342501,-0.2915862822422241,0.047464411145601904,-0.28332002238704634,0.047806500307788276,1.5460419758566424,1.3683931462388437,"Business, economics & policy",0.15817649638943987,0.49886433476669495
0,2019,26561,11445,15116,3970,estimated,-0.24594247509808598,0.0877454644543809,-0.4179235854286726,-0.0739613647674994,-0.4134949751917243,-0.079994814200382,1.5663265731325677,1.2248160144183184,"Business, economics & policy",0.00506440943870176,0.10382039349338607
0,2020,32355,13836,18519,4352,estimated,-0.2050011424125704,0.08316143272823347,-0.367997550559908,-0.042004734265232796,-0.36773440173171934,-0.03524938195291443,1.4515480281065594,1.1824983548375325,"Business, economics & policy",0.013697550198089183,0.12479990180481255
1,2015,12392,5247,7145,1864,estimated,-0.05946244686484503,0.1713903220225581,-0.39538747802905894,0.2764625842993689,-0.35345683201209566,0.2518147153784396,1.0890556602604604,1.0261854769143992,Earth & environmental science,0.7286351303731395,0.9121844380243884
1,2016,12784,5148,7636,1986,estimated,0.0786029480793311,0.19891732689422753,-0.31127501263335483,0.46848090879201704,-0.3028035083024893,0.47603504708524697,1.017048662128263,1.1002175276922628,Earth & environmental science,0.6927293473108105,0.8945481335352199
1,2017,13447,5687,7760,2001,estimated,-0.49891693661651004,0.3324482100938534,-1.1505154284004626,0.15268155516744264,-1.103062034747711,0.1812086763093484,1.6814596797416699,1.0209620168187377,Earth & environmental science,0.13342390486970157,0.43763040797262115
1,2018,15458,7180,8278,2142,estimated,0.09178605655240513,0.15037091871643055,-0.20294094413179875,0.386513057236609,-0.20408665870945059,0.3924565204289324,1.1275524560336854,1.235944397353038,Earth & environmental science,0.5415984194641789,0.8597150854953639
1,2019,12839,5290,7549,2216,estimated,-0.13962349463995194,0.14762376261681212,-0.4289660693689037,0.1497190800889998,-0.4394674445550618,0.12792118046527207,1.3502683125049764,1.174308927857549,Earth & environmental science,0.34424735737827017,0.7238516610665888
1,2020,15682,7038,8644,2446,estimated,-0.03852908224078244,0.1797202474858655,-0.3907807673130788,0.31372260283151393,-0.4212617220905336,0.28788115318032925,1.330786850559721,1.2804880598558288,Earth & environmental science,0.8302478923971732,0.9505531091190015
2,2015,8331,4207,4124,1516,not_estimable,,,,,,,,,"Reproduction, metabolism & animal science",,
2,2016,8193,3956,4237,1509,not_estimable,,,,,,,,,"Reproduction, metabolism & animal science",,
2,2017,8476,4195,4281,1584,not_estimable,,,,,,,,,"Reproduction, metabolism & animal science",,
2,2018,9106,4158,4948,1684,not_estimable,,,,,,,,,"Reproduction, metabolism & animal science",,
2,2019,9912,4314,5598,1723,not_estimable,,,,,,,,,"Reproduction, metabolism & animal science",,
2,2020,10325,4748,5577,1754,not_estimable,,,,,,,,,"Reproduction, metabolism & animal science",,
3,2015,10901,5072,5829,1222,estimated,0.2407641620595512,0.13685475228269067,-0.027471152414522526,0.508999476533625,-0.043675447871371675,0.5337708642154111,0.884256045136819,1.1249690763574407,Electrical & control engineering,0.07853202925855159,0.3340754404850337
3,2016,11434,5050,6384,1270,estimated,-0.08085323782107945,0.13992338955630523,-0.3551030813514377,0.1933966057092788,-0.33339801212096204,0.23731156476819,0.9313860898437796,0.8590444423362558,Electrical & control engineering,0.5633725984967659,0.8597150854953639
3,2017,12415,6022,6393,1379,estimated,-0.16555763825958647,0.16502553530904343,-0.4890076874653116,0.15789241094613865,-0.47724903418908504,0.17927059450676242,1.0874066401673812,0.9214912419086629,Electrical & control engineering,0.31575261850291614,0.6997760734388951
3,2018,12880,5940,6940,1413,estimated,-0.17719461298205685,0.16438900665789427,-0.4993970660315296,0.1450078400674159,-0.48239582726601543,0.2015878271159579,1.1380362099006207,0.9532382001284251,Electrical & control engineering,0.28107919259709735,0.6778968762635876
3,2019,13111,5961,7150,1502,estimated,-0.16832273431766165,0.13831042774378444,-0.43941117269547914,0.10276570406015584,-0.4176879947332471,0.11493192652136291,1.0997360456989502,0.9293660966340919,Electrical & control engineering,0.22360712147381578,0.6322684124432032
3,2020,14229,6251,7978,1584,estimated,0.01990339814436437,0.1475698004647645,-0.2693334107665741,0.3091402070553028,-0.25213712584468956,0.32715840749820413,1.105817509896525,1.1280475286733769,Electrical & control engineering,0.8927111276517493,0.9631883219400453
4,2015,34437,14087,20350,2713,estimated,0.003719035212596311,0.1241734412506777,-0.23966090963873196,0.24709898006392458,-0.23479934510930642,0.2400743871337317,1.438896643738876,1.4442579142216732,Plant & microbial biology,0.9761066684176118,0.9952631405127114
4,2016,34167,13601,20566,2738,estimated,-0.19980925292543095,0.115220094568504,-0.4256406382796988,0.026022132428836886,-0.41307505624380836,0.030643466616308592,1.6785352550432462,1.3745305961154366,Plant & microbial biology,0.08289097009035547,0.3340754404850337
4,2017,32024,13502,18522,2871,estimated,-0.27047800217302465,0.14527061627273372,-0.5552084100675827,0.014252405721533412,-0.5528835816070908,-0.007460690064872844,1.5976994098184916,1.2190681110711332,Plant & microbial biology,0.06261850523520336,0.2852620794048153
4,2018,32995,14107,18888,3095,estimated,-0.23716743316110567,0.13802931836085708,-0.5077048971483855,0.03337003082617418,-0.48740960536476174,0.07183480949252849,1.970133016347382,1.5541575468372804,Plant & microbial biology,0.08575293128526562,0.3340754404850337
4,2019,35364,13857,21507,3193,estimated,-0.10172274481058996,0.09061172799103866,-0.27932173167302576,0.07587624205184582,-0.2598468266611249,0.07604194366905007,1.6142302256986654,1.4581018072584815,Plant & microbial biology,0.26159794813909254,0.6634361074639235
4,2020,37664,15709,21955,3313,estimated,-0.2383266690321374,0.07701140657605826,-0.3892690259212116,-0.08738431214306319,-0.38375704851391423,-0.09833208446873493,1.968429648867888,1.5510147951989899,Plant & microbial biology,0.001970166367390953,0.0777643364222804
5,2015,19671,7987,11684,1975,estimated,-0.3246447848732803,0.21212615903045473,-0.7404120565729715,0.09112248682641094,-0.7474687213317259,0.06068343260000058,1.4101853873883161,1.0192595081934226,Energy & thermal engineering,0.12590968971542382,0.43092550698572823
5,2016,20249,7827,12422,2120,estimated,-0.12727145098713766,0.16771575584487697,-0.4559943324430965,0.2014514304688212,-0.42736461281402927,0.1894969286238541,1.105298591067368,0.9732094728960915,Energy & thermal engineering,0.44794104443759153,0.789917540728656
5,2017,20380,8065,12315,2231,estimated,-0.12010603207493542,0.16943998843781546,-0.45220840941305374,0.2119963452631829,-0.4919468956142385,0.22509292449477553,1.2685734130098203,1.1250043926000624,Energy & thermal engineering,0.4784230737894968,0.8173060843903904
5,2018,21533,8496,13037,2289,estimated,0.23879059739862174,0.27304516303835613,-0.29637792215655623,0.7739591169537997,-0.2768383055026122,0.7629619815625963,1.0346821554586108,1.3137489983553263,Energy & thermal engineering,0.38182089649187856,0.7366897297019774
5,2019,20869,8661,12208,2412,estimated,0.20617513533395204,0.18226765192022998,-0.1510694624296987,0.5634197330976027,-0.18388499997265503,0.5728703878480519,1.0757068889152552,1.3220097966682633,Energy & thermal engineering,0.2579848494349446,0.6634361074639235
5,2020,22204,8865,13339,2552,estimated,0.17580254710238674,0.1583785384565404,-0.13461938827243242,0.4862244824772059,-0.14484642138242096,0.49252508413536883,1.0887660174952907,1.2980297111940144,Energy & thermal engineering,0.26699257983304236,0.6634361074639235
6,2015,18065,8301,9764,1801,estimated,0.058075218450285654,0.10735772610193851,-0.15234592470951383,0.26849636161008517,-0.1385769339807403,0.2539665099482072,1.6825028815165712,1.7831076514189916,Clinical diagnostics & case reports,0.5885416834925057,0.8597150854953639
6,2016,17899,8001,9898,1907,estimated,0.22191306011335976,0.11693749032161087,-0.007284420916997547,0.45111054114371707,-0.02071425660743181,0.4551130420331223,1.5341501291104653,1.915329414793161,Clinical diagnostics & case reports,0.05773472807692737,0.28323197801281697
6,2017,18669,8230,10439,1997,estimated,-0.03080308497076334,0.13374869388415184,-0.29295052498370094,0.23134435504217427,-0.29924947461691076,0.22440342288310244,1.7998555933776064,1.7452596668677103,Clinical diagnostics & case reports,0.8178542409787593,0.9505531091190015
6,2018,18697,7896,10801,2082,estimated,-0.10438930036595717,0.08345889892962714,-0.26796874226802636,0.05919014153611202,-0.25976862861227434,0.0758650704886901,1.9315789309263027,1.7401102390855874,Clinical diagnostics & case reports,0.21101222289463983,0.617964367048588
6,2019,20303,8291,12012,2151,estimated,-0.03709317021398095,0.07814671403891531,-0.19026072973025496,0.11607438930229305,-0.18999438420539239,0.11792808794361918,1.7803658514350518,1.7155362388936386,Clinical diagnostics & case reports,0.6350288682796672,0.87516583527618
6,2020,21793,9035,12758,2296,estimated,-0.6294403515674581,0.3693575933489394,-1.3533812345313794,0.09450053139646308,-1.4276961901330947,0.051537365488437015,3.6521599002410228,1.9461993014988757,Clinical diagnostics & case reports,0.08835326532016793,0.3340754404850337
7,2015,27895,11974,15921,1879,estimated,-0.004978337262885546,0.36759088918791083,-0.7254564800711908,0.7154998055454197,-0.7246244015392035,0.7168644720745613,0.969139341435102,0.9643266285324854,Electrochemical materials,0.9891944628266582,0.9952631405127114
7,2016,26794,11419,15375,1997,estimated,0.5528196535098084,0.4165729732371699,-0.2636633740350446,1.3693026810546614,-0.24872008252693467,1.3805132343445095,0.5660626019016438,0.9839000627645583,Electrochemical materials,0.1844869907208938,0.5602938236708627
7,2017,26828,10958,15870,2061,estimated,-0.03299382174467347,0.15131406091315003,-0.3295693811344475,0.26358173764510057,-0.3186049659953385,0.26907172442952654,0.947125364471982,0.9163859725404847,Electrochemical materials,0.8273912315996399,0.9505531091190015
7,2018,28639,11193,17446,2161,estimated,-0.19938779541711793,0.19071645105227644,-0.5731920394795798,0.1744164486453439,-0.5396819441677032,0.1660655736003686,0.8724581123272296,0.7147457240284761,Electrochemical materials,0.29580708913518683,0.6832727129319809
7,2019,29496,10893,18603,2199,estimated,-0.3003222609336369,0.13644050078321873,-0.5677456424687456,-0.0328988793985282,-0.5466664031299506,-0.019811522704298,1.026458270264818,0.7601739755294596,Electrochemical materials,0.0277273503748188,0.21061826143569382
7,2020,32814,10882,21932,2238,estimated,-0.15695289362048825,0.07874929898906681,-0.31130151963905917,-0.002604267601917315,-0.29582903240608555,0.012360832230644823,0.9023917359499712,0.7713142123242219,Electrochemical materials,0.046253743179171865,0.2804842666179827
8,2015,21095,8023,13072,3248,estimated,-0.4656421513270457,0.15636295543478163,-0.7721135439792177,-0.15917075867487368,-0.7496990155318383,-0.16045449791141309,4.129424783398358,2.592171569713032,Humanities & politics,0.002901767301748122,0.07931497291444867
8,2016,22615,8767,13848,3501,estimated,-0.19756517412485208,0.1887759121301861,-0.5675659619000168,0.17243561365031268,-0.5800615780162365,0.1733114423813287,3.4058659012219135,2.7952849071797083,Humanities & politics,0.29530291168246636,0.6832727129319809
8,2017,24223,9333,14890,3545,estimated,-0.11503269139160754,0.17685502647024742,-0.4616685432732925,0.2316031604900774,-0.48414845892820224,0.20846358268557932,3.2034119829988286,2.8553196407322665,Humanities & politics,0.5154113036884668,0.8597150854953639
8,2018,25644,10076,15568,3718,estimated,-0.04025440069331998,0.1546259444727751,-0.3433212518599592,0.26281245047331925,-0.3171378031443853,0.2863022642319117,2.9416521694075723,2.8255894146767635,Humanities & politics,0.7946060980912983,0.9505531091190015
8,2019,27435,10719,16716,3918,estimated,-0.03463453174295239,0.2205883809257122,-0.4669877583573483,0.3977186948714435,-0.47240466559601474,0.4023438098260952,3.5824659888178307,3.46051303895275,Humanities & politics,0.8752371454399814,0.9537169056447415
8,2020,30397,11727,18670,4184,estimated,-0.14489514366470402,0.0944401506920272,-0.3299978390210773,0.040207551691669285,-0.3240160161045769,0.03009357669637654,3.712623393686281,3.211838765449369,Humanities & politics,0.1249672694628671,0.43092550698572823
9,2015,27811,13977,13834,1940,estimated,-0.07311269570246465,0.11884775034958747,-0.3060542863876561,0.1598288949827268,-0.3058755509963891,0.15863060076175367,2.0543071121716197,1.9094703953691863,Cell & neural biology,0.5384362063479873,0.8597150854953639
9,2016,25781,12904,12877,1961,estimated,-0.028545601319558855,0.14177388432012814,-0.30642241458701,0.24933121194789226,-0.2817788839342164,0.2434871837113666,2.0231484371487314,1.966212943513883,Cell & neural biology,0.8404280537942392,0.9505531091190015
9,2017,24334,12095,12239,2015,estimated,-0.02648726806903412,0.10781767478790609,-0.23780991065333004,0.1848353745152618,-0.2228741359894236,0.20271654212958953,2.1949519738285512,2.137576901334171,Cell & neural biology,0.8059398518982887,0.9505531091190015
9,2018,24458,11707,12751,2110,estimated,0.04659181076458063,0.09180264941814743,-0.13334138209498833,0.2265250036241496,-0.12523203076901482,0.2206872266429169,2.3825239447751243,2.4961566714137207,Cell & neural biology,0.6117890126121461,0.8597150854953639
9,2019,23288,11380,11908,2141,estimated,-0.003860061774721868,0.0694207064703094,-0.1399246464565283,0.13220452290708457,-0.1327433986693484,0.12709472847716805,2.6143384840208457,2.6042664278581835,Cell & neural biology,0.9556573603836463,0.991948146221
9,2020,23847,11889,11958,2212,estimated,-0.05335918904767156,0.0922185077256623,-0.23410746418996967,0.12738908609462654,-0.23002929134111585,0.1334996885676831,2.8513963416721984,2.703236150886109,Cell & neural biology,0.5628476843422341,0.8597150854953639
10,2015,11891,5371,6520,2618,estimated,-0.023814445050875543,0.11609931695841466,-0.25136910628936826,0.2037402161876172,-0.26617252007417724,0.21303129568057105,1.7750919255934308,1.7333184764474443,Social behavior & violence,0.8374773402622651,0.9505531091190015
10,2016,12068,5167,6901,2789,estimated,-0.19269695898964972,0.0966675169620742,-0.38216529223531515,-0.0032286257439843036,-0.357022153769023,0.009268570992956677,2.068576404740105,1.706020873799652,Social behavior & violence,0.04621774235020598,0.2804842666179827
10,2017,13152,5442,7710,3004,estimated,-0.11304749458649888,0.09977976157799365,-0.30861582727936643,0.08252083810636868,-0.30636805290147323,0.09714204897186324,1.9186982495906166,1.7136052192812397,Social behavior & violence,0.25722677559511353,0.6634361074639235
10,2018,14067,5884,8183,3120,estimated,-0.046170977109109446,0.07509500448306647,-0.19335718589591971,0.10101523167770082,-0.19398425127854924,0.09024490513192338,1.9001587454486117,1.8144210857329899,Social behavior & violence,0.5386642200408717,0.8597150854953639
10,2019,15452,6163,9289,3389,estimated,-0.05868554032121276,0.07353109571814068,-0.2028064879287685,0.08543540728634297,-0.20843022284551246,0.08015782336904946,2.1225418599804575,2.0015638914094036,Social behavior & violence,0.4248095193235617,0.7740973463229346
10,2020,17033,7159,9874,3652,estimated,-0.07020145663318933,0.0969353012828725,-0.2601946471476194,0.11979173388124079,-0.27273829492199236,0.11062411059457196,2.1128054554534414,1.9695699264321906,Social behavior & violence,0.46893718691947806,0.8151302729594669
11,2015,19738,8353,11385,2413,estimated,-0.1173831400699833,0.12185982294016948,-0.3562283930327155,0.12146211289274889,-0.3551055991798695,0.12636183843547355,1.205632508458032,1.0721019839911907,Mental health & cognition,0.3354152209955359,0.7237907400429985
11,2016,18899,8098,10801,2537,estimated,-0.0853657617108935,0.09586110693149469,-0.2732535312966231,0.10252200787483609,-0.278179229099164,0.09117784524565546,1.322764317103268,1.2145309644528934,Mental health & cognition,0.3731893725347074,0.7313199946924638
11,2017,19334,7891,11443,2670,estimated,-0.142401973756769,0.09557121457866781,-0.3297215543309579,0.04491760681741991,-0.31366028607432783,0.052379281574418075,1.401901414938916,1.2158306368481104,Mental health & cognition,0.13622185880553478,0.43804676164917067
11,2018,19818,8184,11634,2786,estimated,-0.06966547850791738,0.07415498252135361,-0.21500924424977044,0.07567828723393569,-0.22112356757404047,0.06860037121825792,1.3946145094484916,1.3007650108405167,Mental health & cognition,0.34749573677586576,0.7238516610665888
11,2019,22893,8489,14404,2970,estimated,0.012464609397828452,0.07404534822095461,-0.1326642731152426,0.1575934919108995,-0.1283434640969367,0.16490077781539741,1.3701284995122391,1.38731349571897,Mental health & cognition,0.866317767761996,0.9537169056447415
11,2020,23136,9578,13558,3101,estimated,-0.10110797295353247,0.12037934306213624,-0.3370514853553195,0.13483553944825455,-0.3535585044140455,0.141164395450098,1.7721913486751626,1.6017693435579512,Mental health & cognition,0.4009581100510302,0.7558290810157351
12,2015,20995,10746,10249,3275,estimated,0.5519209695683492,0.48549089333402135,-0.39964118136633253,1.503483120503031,-0.39395219369438605,1.4768240338730951,1.706735085374142,2.963891818347502,Computing & networks,0.2556090517762435,0.6634361074639235
12,2016,22260,11186,11074,3423,estimated,-0.09699061404959763,0.22673216324263495,-0.5413856540051621,0.3474044259059669,-0.5665444746676853,0.3160904375916265,1.684007446292447,1.528345417162828,Computing & networks,0.6688140955560283,0.8787510726745839
12,2017,23884,12607,11277,3657,estimated,0.012709640815382284,0.17380455403908202,-0.32794728510121846,0.353366566731983,-0.30831134534253557,0.34562229343563433,1.5306006767196072,1.55017820972144,Computing & networks,0.9417058108427774,0.9836926941287611
12,2018,26953,14796,12157,3783,estimated,0.04624571182559323,0.12274002020950985,-0.19432472778504606,0.2868161514362325,-0.17242109620328905,0.3172652235672665,1.3322936011222155,1.3953533503175026,Computing & networks,0.7063387579379524,0.9024482194541044
12,2019,27268,14086,13182,4209,estimated,0.0702033866717271,0.1352701019445976,-0.19492601313968422,0.3353327864831384,-0.19046129029539852,0.3544646150383803,1.438868345091236,1.5435119696979531,Computing & networks,0.6037700012831617,0.8597150854953639
12,2020,29584,15957,13627,4675,estimated,0.03268623703944229,0.0983967513851851,-0.1601713956755205,0.22554386975440507,-0.13945693310003818,0.25859573440429084,1.7107683116889507,1.7676108132439112,Computing & networks,0.739747174015142,0.919079822261237
13,2015,7373,3118,4255,972,not_estimable,,,,,,,,,Marine ecology & paleoscience,,
13,2016,7533,3142,4391,978,not_estimable,,,,,,,,,Marine ecology & paleoscience,,
13,2017,7202,2967,4235,1061,not_estimable,,,,,,,,,Marine ecology & paleoscience,,
13,2018,8110,3808,4302,1081,not_estimable,,,,,,,,,Marine ecology & paleoscience,,
13,2019,6922,2605,4317,1145,not_estimable,,,,,,,,,Marine ecology & paleoscience,,
13,2020,7980,3530,4450,1172,not_estimable,,,,,,,,,Marine ecology & paleoscience,,
14,2015,17474,4539,12935,1680,not_estimable,,,,,,,,,Immune & inflammatory disease,,
14,2016,16641,4704,11937,1772,not_estimable,,,,,,,,,Immune & inflammatory disease,,
14,2017,18066,4510,13556,1841,not_estimable,,,,,,,,,Immune & inflammatory disease,,
14,2018,17284,4301,12983,1923,not_estimable,,,,,,,,,Immune & inflammatory disease,,
14,2019,20913,4991,15922,1950,not_estimable,,,,,,,,,Immune & inflammatory disease,,
14,2020,18288,6069,12219,2065,estimated,-0.3205787942142573,0.09375500510016073,-0.5043386042105723,-0.13681898421794225,-0.5139419621848146,-0.14781808064784596,2.423541382412012,1.7588339435724005,Immune & inflammatory disease,0.0006277679295133624,0.05072801529636192
15,2015,21776,7950,13826,1959,estimated,0.014263587836169878,0.1272328497036375,-0.2351127975829596,0.26363997325529936,-0.26047349923375085,0.26830757759953366,1.0294285859393573,1.0442171492550387,Cardiovascular medicine,0.9107392230863589,0.9710238934747413
15,2016,21392,7934,13458,2012,estimated,0.06094874407998485,0.2628438433595024,-0.4542251889046398,0.5761226770646095,-0.4645097707426757,0.6102289024747776,0.8855004375494342,0.941149212878502,Cardiovascular medicine,0.8166297009282919,0.9505531091190015
15,2017,20960,7528,13432,2145,estimated,-0.40371382431113145,0.1595438338836059,-0.716419738722999,-0.09100790989926388,-0.690164954609512,-0.07606157449231496,1.574951778905571,1.0518082553547679,Cardiovascular medicine,0.011392419697884903,0.12455712203020827
15,2018,24458,7769,16689,2281,estimated,0.00828968709111011,0.2926642244056822,-0.5653321927440269,0.5819115669262471,-0.6148691488462457,0.6180686877250627,0.8431056970392319,0.8501238283187389,Cardiovascular medicine,0.9774030152378429,0.9952631405127114
15,2019,23846,7802,16044,2296,estimated,0.19190230133492558,0.209815743505654,-0.21933655593615625,0.6031411586060074,-0.21865011709451068,0.5742283504722193,0.8991765359705186,1.0893992601293159,Cardiovascular medicine,0.36038958859607795,0.7238516610665888
15,2020,24311,9681,14630,2513,estimated,-0.28440781474945276,0.10297792087893767,-0.48624453967217063,-0.08257108982673492,-0.5096294536042588,-0.10304239689975213,1.8135578694338055,1.3646292429282725,Cardiovascular medicine,0.005747787890348304,0.10473746822412464
16,2015,21165,8802,12363,2986,estimated,-0.27848498208299277,0.1060831417729548,-0.48640793995798415,-0.07056202420800137,-0.502992591832259,-0.08681798266893445,1.9785763655365465,1.4976430865235206,Public health & care delivery,0.008660883002674778,0.12455712203020827
16,2016,22060,8936,13124,3173,estimated,-0.14938967217795196,0.13414860105784085,-0.41232093025132,0.11354158589541608,-0.3929588424915007,0.0996176763771276,1.8684257035203187,1.6091507161860974,Public health & care delivery,0.2654450994207813,0.6634361074639235
16,2017,21920,8615,13305,3269,estimated,-0.013004046401403235,0.08419709160978932,-0.17803034595659029,0.15202225315378382,-0.17330393798529686,0.17190656885488648,1.719989026221631,1.6977670103316536,Public health & care delivery,0.8772567526339959,0.9537169056447415
16,2018,24475,9603,14872,3537,estimated,0.008630041458719373,0.11509026020190566,-0.21694686853701572,0.23420695145445447,-0.1974050247400437,0.2536468544777119,1.7434051651730393,1.7585159335221077,Public health & care delivery,0.9402266583257745,0.9836926941287611
16,2019,25825,9697,16128,3708,estimated,0.0005695357021250347,0.14745327767399158,-0.28843888853889843,0.2895779599431485,-0.30619390461284424,0.2754211821220208,1.6241504962431554,1.625075771399997,Public health & care delivery,0.99691819252298,0.99691819252298
16,2020,30762,12868,17894,4212,estimated,-0.08663633986320929,0.14598736997074474,-0.372771585005869,0.1994989052794504,-0.3827694697769626,0.19665094415977405,2.311858775823404,2.119998807025426,Public health & care delivery,0.552879416031693,0.8597150854953639
17,2015,15538,5718,9820,1958,estimated,-0.20425569096993693,0.09966329515642236,-0.39959574947652476,-0.008915632463349116,-0.401507493174644,-0.0215266088108608,1.2150495521945042,0.9905738757639342,Surgical specialties,0.040417396424577104,0.26513812054522584
17,2016,16309,6577,9732,2023,estimated,-0.2717333842412609,0.09416266578064185,-0.45629220917131896,-0.08717455931120291,-0.4489188706750338,-0.09209916887802913,1.3673679110039072,1.042012849490409,Surgical specialties,0.00390436462924443,0.09147368559944093
17,2017,15617,5557,10060,2154,estimated,-0.17782111990335142,0.09271284309829735,-0.3595382923760142,0.0038960525693113868,-0.34603374560336175,-0.007920771233133993,1.302633221059144,1.0904240426636571,Surgical specialties,0.055113901276514575,0.28323197801281697
17,2018,16831,5715,11116,2313,estimated,-0.20596507703116412,0.09388738243366843,-0.3899843466011542,-0.021945807461174,-0.38882593046810177,-0.029041425378696892,1.285106146387585,1.0458984137046166,Surgical specialties,0.02825366921698332,0.21061826143569382
17,2019,21272,6175,15097,2307,estimated,-0.045984872984501324,0.09236316451721374,-0.22701667543824025,0.1350469294692376,-0.2327528349970081,0.1276401572529452,1.138701016623425,1.0875237041280985,Surgical specialties,0.6185754883442253,0.8597150854953639
17,2020,20386,7830,12556,2450,estimated,-0.2254639539452823,0.07418154734130218,-0.3708597867342346,-0.08006812115633002,-0.35310234585435873,-0.07983411388292684,1.3734884194312953,1.0962440544367194,Surgical specialties,0.0023708639153134266,0.0777643364222804
18,2015,26953,12491,14462,4718,estimated,3.498804416918003,6.865878858546169,-9.958318145832486,16.955926979668494,-9.105037434831567,16.062715870842634,11.308349831640575,374.0336598340239,Editorial & miscellaneous records,0.6103365665359071,0.8597150854953639
18,2016,27173,13136,14037,4755,estimated,0.6590997438524151,1.0357438964201438,-1.3709582931310664,2.6891577808358966,-1.4381197509517072,2.635180831288671,34.98852953396539,67.63462283347693,Editorial & miscellaneous records,0.5245457332173058,0.8597150854953639
18,2017,25385,11914,13471,4749,estimated,0.25820848378791084,0.44441585747460066,-0.6128465968623065,1.1292635644381281,-0.5717751833126934,1.103402184176598,11.156299559002713,14.443042417744747,Editorial & miscellaneous records,0.5612361002222045,0.8597150854953639
18,2018,24490,11431,13059,4721,estimated,-0.31190570838146225,0.74421518629154,-1.7705674735128807,1.1467560567499562,-1.70986692598935,1.1798170150439156,29.644676837427436,21.701402019145963,Editorial & miscellaneous records,0.6751380192499852,0.8787510726745839
18,2019,24507,10888,13619,4892,estimated,1.3663895998261344,0.5327087508407604,0.322280448178244,2.410498751474025,0.2908985941345837,2.394671980289589,8.644667944173028,33.89719637162519,Editorial & miscellaneous records,0.010318046389018167,0.12455712203020827
18,2020,23582,10616,12966,4887,estimated,0.03099070125538006,0.2798274142883495,-0.517471030749785,0.5794524332605451,-0.484439377984768,0.5000333773474867,13.375257344165318,13.796255772802674,Editorial & miscellaneous records,0.9118151194823789,0.9710238934747413
19,2015,13477,4058,9419,619,not_estimable,,,,,,,,,Synthetic chemistry,,
19,2016,13188,3631,9557,613,not_estimable,,,,,,,,,Synthetic chemistry,,
19,2017,11633,2644,8989,685,not_estimable,,,,,,,,,Synthetic chemistry,,
19,2018,11502,2757,8745,673,not_estimable,,,,,,,,,Synthetic chemistry,,
19,2019,10248,2293,7955,703,not_estimable,,,,,,,,,Synthetic chemistry,,
19,2020,10249,2616,7633,702,not_estimable,,,,,,,,,Synthetic chemistry,,
20,2015,15344,6699,8645,1723,estimated,-0.28500438893179014,0.125999459477933,-0.5319633295085389,-0.03804544835504145,-0.5374119014569595,-0.03154529237023441,1.3008617015021025,0.9782622488920416,Civil & structural engineering,0.023700536032863262,0.19434439546947874
20,2016,16873,7052,9821,1745,estimated,-0.09273174902604708,0.09076730340428531,-0.27063566369844627,0.0851721656463521,-0.26893346483421227,0.0788432649744477,1.0430175834262654,0.950645820179242,Civil & structural engineering,0.30695006042631323,0.6978537830261355
20,2017,18268,8241,10027,1839,estimated,-0.23430184860025727,0.1283580499214778,-0.4858836264463538,0.017279929245839265,-0.5042717580643161,0.008309923673710466,1.039859828016062,0.8226570064288068,Civil & structural engineering,0.06794413827481062,0.3011578020829444
20,2018,19828,8081,11747,1915,estimated,-0.26007555912517766,0.13677324666248666,-0.5281511225836515,0.008000004333296173,-0.5599555638800021,0.005611351942134652,0.9985813318491104,0.7698995443422452,Civil & structural engineering,0.05723537513775689,0.28323197801281697
20,2019,19630,7886,11744,2021,estimated,-0.44633425114124137,0.23847008809299136,-0.9137356238035044,0.021067121521021692,-0.9184069670437591,-0.03405097900720337,1.2226000365756677,0.7824271322630753,Civil & structural engineering,0.06125404802248465,0.2852620794048153
20,2020,19546,7788,11758,2104,estimated,-0.34634762208542824,0.13662241904208305,-0.6141275634079111,-0.07856768076294546,-0.5986076818540185,-0.10900960876266402,1.3046972318484222,0.9227687528671424,Civil & structural engineering,0.011242432667135845,0.12455712203020827
21,2015,14069,4616,9453,1225,not_estimable,,,,,,,,,Metallurgy & alloys,,
21,2016,13580,4479,9101,1251,not_estimable,,,,,,,,,Metallurgy & alloys,,
21,2017,14112,5047,9065,1367,estimated,-0.41152359457377785,0.16610985503786263,-0.7370989104479886,-0.08594827869956712,-0.6969858592991912,-0.10925576443439472,1.1920007240042836,0.7898672239905055,Metallurgy & alloys,0.013233670292625272,0.12479990180481255
21,2018,15303,5716,9587,1387,estimated,-0.37531289462125283,0.14275089676197625,-0.6551046522747263,-0.09552113696777942,-0.6328060721684111,-0.11748937906268399,1.4073716226205082,0.966968820819243,Metallurgy & alloys,0.008559969802421272,0.12455712203020827
21,2019,15718,5823,9895,1467,estimated,-0.10834326531282312,0.13233206869168188,-0.3677141199485196,0.15102758932287336,-0.36080842810044994,0.1440848222199759,1.228528694984238,1.1023827848981052,Metallurgy & alloys,0.41294465638858,0.7609317263789565
21,2020,15262,5798,9464,1527,estimated,0.07768400763347794,0.11644368364432982,-0.1505456123094085,0.30591362757636437,-0.16133600722042507,0.2789436719236235,1.3480960017297763,1.4569966609606158,Metallurgy & alloys,0.5046839816670141,0.8532801339524774
22,2015,13885,5826,8059,1099,estimated,0.12812252081006315,0.3513350795320975,-0.560494235072848,0.8167392766929743,-0.5853565412726486,0.8711795307429849,0.4617720389349882,0.5248927037528519,Mathematics & theoretical physics,0.7153552959087413,0.9024482194541044
22,2016,13094,5782,7312,1114,estimated,0.3459912784568808,0.44470818473911583,-0.5256367636317862,1.217619320545548,-0.5331608867935909,1.2245482754225205,0.4428116455042404,0.6258656795319091,Mathematics & theoretical physics,0.4365579961673962,0.7867638612247579
22,2017,14191,5995,8196,1129,estimated,0.06830268872744738,0.23969026290624307,-0.401490226568789,0.5380956040236837,-0.38617454362659204,0.5592803809991248,0.5990285846265263,0.6413735229283428,Mathematics & theoretical physics,0.7756730247781918,0.9505531091190015
22,2018,14094,6307,7787,1187,estimated,0.1754746932794765,0.32556960590899536,-0.4626417343021544,0.8135911208611074,-0.42749132015346814,0.7911806844331547,0.5793316523888661,0.6904543153162801,Mathematics & theoretical physics,0.5899023776903045,0.8597150854953639
22,2019,15256,6523,8733,1182,estimated,-0.004380903271370862,0.14350536990674934,-0.2856514282885996,0.27688962174585785,-0.27257448323413214,0.2863875485590262,0.5769192453211767,0.5743973460438516,Mathematics & theoretical physics,0.975646122293658,0.9952631405127114
22,2020,14626,6240,8386,1235,estimated,-0.06714761037806083,0.1340792180696282,-0.3299428777945321,0.19564765703841042,-0.323269114389106,0.1938392440435447,0.5959122759197768,0.5572120445065065,Mathematics & theoretical physics,0.6165080116733999,0.8597150854953639
23,2015,17782,6234,11548,1821,estimated,0.05586169660554685,0.12557621042072983,-0.19026767581908363,0.30199106903017736,-0.20449586975124107,0.3024648394966417,1.2235471789304928,1.2938417073045871,Ecology & taxonomy,0.6564332261516146,0.8787510726745839
23,2016,17165,6336,10829,1878,estimated,0.18803334655445397,0.16150058689593477,-0.12850780376157817,0.5045744968704862,-0.14675614777933993,0.5334836798120316,1.2063425173508766,1.4559031294737697,Ecology & taxonomy,0.24430693858460517,0.6634361074639235
23,2017,16900,6465,10435,1956,estimated,-0.018400448640490175,0.08052841649202697,-0.17623614496486303,0.13943524768388268,-0.1872403820518057,0.12904362718563386,1.3485949599662292,1.3240071150919195,Ecology & taxonomy,0.8192603991408698,0.9505531091190015
23,2018,17771,6768,11003,2040,estimated,-0.1980501908769451,0.24158492892986624,-0.6715566515794829,0.27545626982559274,-0.6701963028006327,0.3223827203423326,1.7686294949466541,1.4508574973870312,Ecology & taxonomy,0.41233280709910836,0.7609317263789565
23,2019,19207,6702,12505,2074,estimated,0.17739666267791604,0.11649287151755094,-0.0509293654964838,0.4057226908523159,-0.05623954415046729,0.4058306477736657,1.1908409035880354,1.4219886674691324,Ecology & taxonomy,0.12780591870804867,0.43092550698572823
23,2020,18464,7264,11200,2208,estimated,-0.0335668911340542,0.13951589711136564,-0.30701804947233086,0.23988426720422246,-0.2846941086215745,0.23106888623836375,1.4178908639529595,1.3710866069703398,Ecology & taxonomy,0.8098686709514558,0.9505531091190015
24,2015,21998,10465,11533,2285,estimated,-0.4610890183761768,0.19432387822663075,-0.841963819700373,-0.08021421705198051,-0.8379456623034571,-0.10978198870534639,1.4586325294789753,0.9198086265409692,"Astronomy, optics & imaging",0.017654479315609598,0.15238603198736705
24,2016,20674,10329,10345,2407,estimated,-0.07072842124802303,0.13096446279489352,-0.3274187683260143,0.18596192582996823,-0.3386011116908718,0.18716133394349807,1.3704171808604673,1.2768380953025038,"Astronomy, optics & imaging",0.5891569530787822,0.8597150854953639
24,2017,21117,10621,10496,2483,estimated,-0.13930042480113902,0.1499890897453194,-0.43327904070196505,0.154678191099687,-0.42485948753629044,0.159293331267884,1.3163549859779518,1.1451849105652159,"Astronomy, optics & imaging",0.3530253746571378,0.7238516610665888
24,2018,21166,10313,10853,2621,estimated,-0.07803533368918814,0.18282704056268073,-0.4363763331920424,0.2803056658136661,-0.4130045812201717,0.26772272116999046,1.1921904696414216,1.1026948111184764,"Astronomy, optics & imaging",0.6695060704400999,0.8787510726745839
24,2019,21550,10285,11265,2810,estimated,-0.03120559509051235,0.13962678038932222,-0.3048740846535839,0.2424628944725592,-0.29920839452545794,0.24800594432509213,1.2739819747498284,1.2348405018146424,"Astronomy, optics & imaging",0.8231519026701635,0.9505531091190015
24,2020,22487,10132,12355,2966,estimated,-0.059611876054328494,0.1286669364678985,-0.31179907153140957,0.19257531942275258,-0.31699522104603745,0.2017661537534574,1.2573285774371563,1.1845671309508565,"Astronomy, optics & imaging",0.643146647697562,0.8787510726745839
25,2015,12395,4737,7658,1639,not_estimable,,,,,,,,,Orthopaedics & sports medicine,,
25,2016,12690,4648,8042,1688,not_estimable,,,,,,,,,Orthopaedics & sports medicine,,
25,2017,13448,4602,8846,1815,not_estimable,,,,,,,,,Orthopaedics & sports medicine,,
25,2018,14611,5317,9294,1876,estimated,-0.24228239216212855,0.0937883310583785,-0.42610752103655036,-0.0584572632877067,-0.4211454238668228,-0.0572441391617651,1.2967730598417484,1.0177522556672474,Orthopaedics & sports medicine,0.009786322261552188,0.12455712203020827
25,2019,16881,5080,11801,1927,estimated,-0.3400550284134059,0.08536783339497661,-0.50737598186756,-0.17273407495925175,-0.5089594282100247,-0.17242788968821743,1.3978192584404687,0.9948715170365131,Orthopaedics & sports medicine,6.793358258692864e-05,0.011141107544256297
25,2020,15795,6147,9648,2038,estimated,-0.10674660502487698,0.11679993872419266,-0.3356744849242946,0.12218127487454061,-0.3312382874722124,0.10506335607379376,1.2952850404972025,1.1641418130417374,Orthopaedics & sports medicine,0.3607552618168317,0.7238516610665888
26,2015,14653,6238,8415,1886,estimated,0.1701717886132541,0.15924533947974345,-0.14194907676704305,0.48229265399355126,-0.14052330595615678,0.4702687220973295,0.8281972015639739,0.9818348144181475,"Climate, land & agriculture",0.28524366746090046,0.6779704559940243
26,2016,16302,6640,9662,1944,estimated,-0.22368162660066904,0.12832160767135517,-0.47519197763652515,0.02782872443518708,-0.45932017955204507,0.04511368661725335,1.0890373437837622,0.8707612138612355,"Climate, land & agriculture",0.08131038864018231,0.3340754404850337
26,2017,17817,7938,9879,2097,estimated,-0.1673666619012404,0.13697976537863293,-0.4358470020433609,0.10111367824088013,-0.41841915727300183,0.09509069428904557,1.1058523636570123,0.9354287913361152,"Climate, land & agriculture",0.22177005682811357,0.6322684124432032
26,2018,19046,8638,10408,2203,estimated,-0.23647391004454166,0.13931925152497063,-0.5095396430334841,0.036591822944400776,-0.5228916505626361,0.01984484579752671,1.0146470573928283,0.8009689595970119,"Climate, land & agriculture",0.08962999622769197,0.3340754404850337
26,2019,18376,7608,10768,2374,estimated,-0.21137920283645006,0.1108883018874085,-0.4287202745357707,0.00596186886287059,-0.42745430432319026,-0.0015642705903667745,1.1328785766334895,0.9170278867671551,"Climate, land & agriculture",0.05661967558607969,0.28323197801281697
26,2020,20966,9184,11782,2512,estimated,-0.0959763112709342,0.1334973408880226,-0.3576310994114585,0.16567847686959009,-0.35319015647515806,0.16475007896800298,1.0072727232395475,0.9150927005569626,"Climate, land & agriculture",0.4721791215313985,0.8151302729594669
27,2015,22687,7387,15300,1931,estimated,-0.16387023671538792,0.21517792042414516,-0.5856189607467124,0.2578784873159366,-0.5780004562089844,0.22911384153464553,1.2526431297915743,1.0633088321683892,Oncology,0.4463244881584709,0.789917540728656
27,2016,23674,6963,16711,1970,estimated,-0.10879061035538984,0.1969087665707262,-0.4947317928340132,0.2771505721232335,-0.4926104177682459,0.2268586223119017,1.3193587601653252,1.1833568885715984,Oncology,0.5806109936197443,0.8597150854953639
27,2017,22373,6765,15608,2122,estimated,0.027631201271086647,0.153937211770528,-0.2740857337991482,0.3293481363413215,-0.27222364131416216,0.31404174247582667,1.1815808115276287,1.214684550635575,Oncology,0.8575478115474615,0.9537169056447415
27,2018,23881,7186,16695,2236,estimated,-0.13679841787671476,0.1590193819625105,-0.44847640652323534,0.17487957076980581,-0.43395803908349556,0.15386377319176306,1.1665136413992059,1.017370226658303,Oncology,0.38964433568643386,0.7430426866578507
27,2019,28584,7842,20742,2322,estimated,-0.04822119345688802,0.1296168841417038,-0.3022702863746275,0.20582789946085145,-0.30870537004027915,0.18553332324205346,1.1041717628113386,1.0521906504432137,Oncology,0.7098715238363151,0.9024482194541044
27,2020,26297,9440,16857,2401,estimated,-0.017725341979057174,0.10749602691453682,-0.22841755473154932,0.19296687077343497,-0.26455008847147227,0.16809472288103056,1.198344315678169,1.1772903980563976,Oncology,0.8690282050061704,0.9537169056447415
28,2015,18572,8571,10001,3223,estimated,-0.3157777687925588,0.15139500433646413,-0.6125119772920284,-0.019043560293089123,-0.6209166215559584,-0.030719539856335357,2.4422824557221174,1.7809648463162688,Education & language,0.0369978994381456,0.2528189794939949
28,2016,18690,8365,10325,3432,estimated,-0.11784808287659998,0.1292616850690095,-0.3712009856118586,0.13550481985865864,-0.39621766094648925,0.12486047692496503,2.243688503641765,1.9942600557227994,Education & language,0.3619258305332944,0.7238516610665888
28,2017,21296,10160,11136,3596,estimated,-0.3264428395134127,0.17269433442405394,-0.6649237349845584,0.012038055957732996,-0.6741117193539888,0.02103818539598924,2.461405342661731,1.77586854578699,Education & language,0.05871882470997425,0.28323197801281697
28,2018,21358,9895,11463,3721,estimated,-0.2634506013268222,0.10583888850022534,-0.47089482278726386,-0.05600637986638052,-0.44846322782427656,-0.06277990067636889,2.415910587570207,1.8563750152889267,Education & language,0.012804303388930665,0.12479990180481255
28,2019,22633,10135,12498,3992,estimated,-0.33819796616518455,0.10212813606435285,-0.5383691128513162,-0.13802681947905296,-0.5402970370842315,-0.14093831569695423,2.357316762807673,1.6808944141570084,Education & language,0.0009279514993236937,0.05072801529636192
28,2020,27770,12815,14955,4399,estimated,-0.12114685318526164,0.07804633333372027,-0.2741176665193534,0.0318239601488301,-0.27520579181477567,0.026879390222014302,1.8140439358451916,1.607068510892847,Education & language,0.12060415644589734,0.43092550698572823
29,2015,15770,7279,8491,1059,estimated,-0.1744647808082589,0.08818635116371444,-0.3473100290891392,-0.001619532527378592,-0.3648409693503656,-0.0020405680631753707,1.2514350860914485,1.0510883812099086,Electronic & magnetic materials,0.047887557715265344,0.2804842666179827
29,2016,14073,6915,7158,1065,estimated,-0.2524643817802832,0.18356113955993703,-0.6122442153177597,0.10731545175719337,-0.6285688981304189,0.11421682785190819,1.3077870057902765,1.015998647937304,Electronic & magnetic materials,0.16901693823065134,0.522995808864657
29,2017,13984,6770,7214,1095,estimated,0.12452179568501576,0.12871220548213444,-0.12775412705996775,0.37679771842999926,-0.11671311764878646,0.3443648286115172,1.1136103253129106,1.2612825224652773,Electronic & magnetic materials,0.3333223376308134,0.7237907400429985
29,2018,15525,6967,8558,1137,estimated,0.29016392336478725,0.45463293747014827,-0.6009166340767034,1.1812444808062779,-0.6329037939732027,1.1541525110797481,0.9340476993511831,1.2484916607206955,Electronic & magnetic materials,0.5233188980277989,0.8597150854953639
29,2019,15995,7115,8880,1165,estimated,0.005183251278279899,0.286898599033048,-0.5571380028264942,0.567504505383054,-0.5435817018042363,0.5860673655204389,1.2606901810317335,1.2672416192316702,Electronic & magnetic materials,0.9855858090024502,0.9952631405127114
29,2020,16071,6646,9425,1222,estimated,0.054705315340420224,0.12845052327162632,-0.19705771027196733,0.3064683409528078,-0.19188679880988627,0.30137880434711084,1.2010046114067845,1.2685362770981934,Electronic & magnetic materials,0.6701907138009044,0.8787510726745839
30,2015,25953,6380,19573,1953,estimated,-0.008317194430597585,0.11159668096884183,-0.22704668912952758,0.2104123002683324,-0.22317006275798504,0.22624741202289056,2.463788186318319,2.4433813623362166,Drug discovery & pharmaceutics,0.9405894282014051,0.9836926941287611
30,2016,25820,6247,19573,1975,estimated,0.059568301781279934,0.10774304965929976,-0.15160807555094757,0.27074467911350747,-0.13873852184361807,0.27254846241002534,2.2261355750637035,2.362771886554014,Drug discovery & pharmaceutics,0.5803498768352247,0.8597150854953639
30,2017,27606,5841,21765,1984,estimated,-0.26798864127709143,0.1560579203612007,-0.5738621651850448,0.03788488263086193,-0.5464630316586192,0.02972813621844174,2.9371988614419156,2.2467117833950616,Drug discovery & pharmaceutics,0.08593563626950454,0.3340754404850337
30,2018,28941,6201,22740,2216,estimated,-0.15686320783424468,0.14395723148625553,-0.4390193815473055,0.12529296587881616,-0.4411449636359137,0.16329180776039606,2.3995050318401634,2.0511472515523117,Drug discovery & pharmaceutics,0.27586670450770046,0.6752558140188488
30,2019,29169,5919,23250,2199,estimated,-0.18484662464366597,0.08816134581128038,-0.3576428624337755,-0.012050386853556444,-0.36084666354841366,-0.01501511355247895,2.768768155935864,2.3014880398711424,Drug discovery & pharmaceutics,0.03602141566022961,0.2528189794939949
30,2020,29803,7447,22356,2363,estimated,0.07149550436522811,0.1636807619593957,-0.24931878907518745,0.3923097978056437,-0.25612805631944496,0.3651062432194224,2.004386189278284,2.1529379080745668,Drug discovery & pharmaceutics,0.6622575176809004,0.8787510726745839
31,2015,28244,10609,17635,2738,estimated,-0.023861293241364656,0.15559394053079303,-0.328825416681719,0.2811028301989897,-0.33911692015915695,0.2766306437454342,1.3208731850596358,1.28972849662909,Chronic & infectious disease,0.8781173948314389,0.9537169056447415
31,2016,27390,10875,16515,2884,estimated,0.08998926414722086,0.07722500406705304,-0.0613717438242031,0.24135027211864482,-0.04759957154342449,0.2406180116653861,1.2929664902963416,1.41471549511603,Chronic & infectious disease,0.24390299233393486,0.6634361074639235
31,2017,26646,10179,16467,2967,estimated,-0.14108849706681492,0.11197441342015321,-0.3605583473703152,0.07838135323668538,-0.36708676175516397,0.08854606980179791,1.4926679965338119,1.296251481372735,Chronic & infectious disease,0.20766699061114535,0.617964367048588
31,2018,28137,10281,17856,3106,estimated,-0.030322440712744925,0.1093947155424889,-0.24473608317602316,0.1840912017505333,-0.23351385648867898,0.19468565872558818,1.481857151961579,1.437598039601359,Chronic & infectious disease,0.7816389939302776,0.9505531091190015
31,2019,31996,10749,21247,3212,estimated,-0.10153983822842194,0.19311830800519175,-0.4800517219185978,0.2769720454617539,-0.46703064678422584,0.3076831384743173,1.5406482524722651,1.3918912485091377,Chronic & infectious disease,0.5990335365770078,0.8597150854953639
31,2020,36937,15645,21292,3721,estimated,-0.2042139424281637,0.1344360813771261,-0.46770866192733085,0.05928077707100343,-0.47539580577718543,0.02672145882957284,2.125436289357013,1.7328425481241088,Chronic & infectious disease,0.12875213318476028,0.43092550698572823
