qwen_leaf,qwen_macro,umap_x,umap_y,n_excluded,n_broad,n_narrow
0,11,2.244377,8.683843,1635,882,1493
1,21,-1.5498621,3.6660757,2251,787,1365
2,2,-0.6696598,7.7869663,1755,1476,1673
3,12,2.3092124,5.0285463,1780,722,562
4,26,-1.0624226,6.2066345,3246,1326,1242
5,16,1.5662581,8.11076,2742,2635,4013
6,7,-1.7505469,4.2730885,3998,1450,1723
7,18,6.4167285,7.1993375,493,763,733
8,6,0.3933734,10.261732,2890,3116,3375
9,14,-2.0102954,8.841224,3914,987,3077
10,24,-0.04671959,3.5329425,2140,1008,800
11,8,4.825627,7.5304003,2714,1911,2066
12,12,2.0134375,4.5736604,4898,1230,847
13,6,0.811158,10.238497,2,0,2
14,1,-0.060351517,5.859069,8719,2520,3858
15,19,-2.9211879,4.8491936,5170,723,2007
16,31,0.23633204,9.745197,3576,1361,2306
17,24,1.7644937,4.8574586,2199,1357,893
18,18,5.941297,7.5535064,1660,1255,2007
19,30,0.34408328,10.539316,3828,1405,5403
20,20,-0.053334925,4.568634,13073,1693,4127
21,12,2.4926846,5.7853923,6040,1678,1781
22,11,0.30267486,8.544191,2295,602,1490
23,28,3.260951,6.7965083,3559,1192,1755
24,24,1.4735043,4.3208303,4983,2235,1592
25,0,3.6458201,6.4355383,2076,1213,1476
26,4,-1.9922495,7.591615,4162,1681,1719
27,9,-1.2577219,8.756526,4524,2191,2453
28,15,-0.08570422,9.480699,4922,1783,2911
29,11,1.9171392,8.905059,1447,881,1522
30,5,-1.4549122,5.1228724,4024,1195,1769
31,0,2.8955586,6.3835135,6551,1548,2109
32,30,0.88191205,9.403252,221,18,20691
33,5,-0.64236695,4.3302855,1856,1637,1317
34,18,6.870147,7.091778,214,343,328
35,20,0.046181083,4.687514,4904,837,2297
36,6,0.09799562,9.488514,1671,1784,1968
37,11,1.6510457,9.668465,4516,2307,1952
38,31,-2.1704862,8.643564,7509,4129,5155
39,31,-2.2260368,8.620352,4553,2557,4576
40,27,-1.4956723,10.49023,10068,1689,4350
41,13,-0.68705124,7.080068,3954,2091,3301
42,19,-2.5552754,4.560235,2390,1570,1571
43,13,-0.60880643,6.8802886,1833,1178,855
44,7,-1.7485925,3.3882298,3022,941,1262
45,8,4.843911,7.6332526,2362,938,1335
46,21,-0.9707817,4.022823,4279,2039,1905
47,17,0.8412158,10.759265,4052,2050,2553
48,4,-1.9104323,6.8796825,4925,1496,6844
49,15,-0.3216263,9.615624,3156,1007,2656
50,18,6.616851,7.0254087,181,479,265
51,12,2.1779406,4.2067604,2377,1325,1109
52,11,2.1550174,8.8245325,1527,755,1289
53,12,2.150122,5.20153,2938,1228,1624
54,12,2.43988,5.2686715,3583,1304,981
55,15,-0.110759586,9.881418,2966,1127,1998
56,18,6.1915436,7.3877373,331,247,345
57,18,6.75191,7.293164,111,395,387
58,4,-1.2883401,6.288721,4463,1667,1547
59,4,-2.083274,8.211877,6281,2628,3593
60,30,-1.5804509,9.965432,9945,2172,6148
61,7,-2.0229263,3.8034945,3351,1147,2925
62,12,1.5534847,5.166088,3764,1704,1459
63,12,2.398748,4.843839,8620,3778,2119
64,6,-0.93847847,10.519702,2666,2890,2722
65,3,0.5883213,3.9881806,4706,1653,1950
66,18,6.6156,7.5753727,987,575,488
67,8,4.6877847,7.8559117,4709,1479,2476
68,28,2.8550737,7.680955,4973,2259,3099
69,8,5.4313545,7.759141,7707,892,2901
70,22,2.6964364,3.655771,1432,342,594
71,29,-0.4480276,3.151819,2687,2202,1791
72,26,2.3925798,4.4183884,12,4,3
73,20,-0.32115135,4.3838124,11828,3364,5138
74,13,-0.51092505,6.617539,2988,1529,1934
75,26,-0.14161253,5.8871584,3770,1259,2386
76,10,3.6442182,7.6058235,2271,1670,2183
77,30,-0.46752045,8.786182,3394,2665,2541
78,8,4.7677226,7.4981613,2552,1444,2217
79,15,0.26118758,9.633501,2772,1675,2717
80,24,-0.04517739,3.7427454,3142,1184,860
81,17,0.34852093,10.91788,4861,1416,3493
82,23,-2.22032,8.552713,5806,2218,4081
83,18,6.35989,7.0763507,31,53,5
84,0,3.725168,6.373892,1174,715,1046
85,16,1.533123,8.302128,1708,1575,2359
86,8,-0.35606062,6.5136704,2548,1015,1341
87,20,0.8296717,4.7915564,1815,1150,954
88,9,1.3072882,9.65303,3273,1545,1949
89,11,1.3869009,9.559173,2832,2927,1936
90,5,-0.6220266,5.07119,5033,1320,1883
91,29,-1.646826,3.2548363,2949,1036,1055
92,22,2.6948698,3.6679633,2578,877,1839
93,22,0.24802217,3.0478227,1612,1097,531
94,11,1.3760147,9.42773,2683,3233,1837
95,28,2.8577287,7.759888,8368,3125,3493
96,1,-1.8827163,5.743388,2666,1583,1597
97,26,-0.785169,6.6500525,4639,1986,3699
98,18,6.74598,7.1034927,332,1203,979
99,0,3.2099862,6.8743625,1119,161,1382
100,8,4.231898,6.922778,2790,1086,1844
101,12,1.2256846,4.851398,5437,2049,2141
102,13,-0.6768875,7.0437813,4427,1813,2933
103,27,-1.5652827,10.282071,5619,1493,2402
104,10,3.0239563,7.0446963,3699,2143,1723
105,25,1.4858912,9.771958,3498,3100,3244
106,0,3.6831584,6.526959,2521,1573,2086
107,26,-1.4612167,6.8167477,8330,3635,3792
108,27,-1.4730289,10.533566,8129,1021,3406
109,21,-1.2221936,3.837313,5494,1374,3306
110,29,-1.530541,3.265643,2873,786,1207
111,3,0.06620169,5.0602994,11260,2391,2992
112,23,-1.0710576,7.2128224,9987,593,9933
113,15,-0.06603218,9.950158,298,360,341
114,27,-1.072489,10.365604,4559,1710,3640
115,23,-0.8949882,7.226717,4036,2625,1455
116,3,2.009302,4.3372526,1763,580,758
117,8,5.1030736,7.675692,2148,263,586
118,4,-1.9115554,6.8380876,2869,1760,2015
119,31,-1.9955329,8.870601,10245,2711,5531
120,8,4.74999,8.05006,5602,255,1339
121,21,-1.237361,4.176832,5208,1457,2349
122,24,0.4357232,3.3249125,7951,587,3043
123,28,2.8346217,7.7257977,5710,1951,2316
124,0,3.2984734,6.3123026,2432,1520,1537
125,26,-0.7256028,6.7487907,5542,2412,3420
126,12,2.588272,5.420519,4462,2110,1615
127,9,-0.45958292,9.415906,4102,3601,3087
128,9,-1.5212033,9.617484,3883,2506,2843
129,24,1.4718623,4.15881,7337,723,1307
130,30,-2.6751366,5.3636622,2786,1430,2489
131,12,1.6910661,4.2723145,5107,1087,813
132,1,-0.75469196,5.9905977,4814,1960,3386
133,3,-0.3019406,3.4637685,3305,1233,1521
134,31,0.2126033,8.656921,2823,1669,2639
135,18,6.601651,7.5649123,237,334,369
136,8,4.9285493,7.389996,3153,808,1140
137,29,-1.2669448,3.1900592,5344,1456,1988
138,7,-1.5601417,4.1147337,3779,1728,2164
139,15,-0.11739748,9.977669,2615,1696,2726
140,6,0.4012604,8.5773325,5589,1947,3963
141,5,0.4622856,4.9932275,1189,674,510
142,16,1.5784606,8.067664,2459,2345,2364
143,20,0.15470684,5.337123,2141,1555,1311
144,22,0.29850432,3.0258808,1982,1564,2056
145,6,0.9769824,10.631264,246,134,219
146,18,6.4504743,7.5466113,885,407,665
147,16,1.6869103,8.067832,3193,2950,3773
148,28,3.235761,6.54185,1966,1156,1540
149,2,-0.9168517,8.537798,3231,1888,1908
150,9,-0.9515897,9.095921,5126,2267,3656
151,14,-2.0127099,8.90352,8753,1639,2814
152,0,2.8896973,6.4989305,2087,611,1101
153,11,2.2834644,8.580464,3052,754,2160
154,31,-2.2512047,8.332904,6099,3135,4811
155,11,2.013681,8.873048,2276,1110,1414
156,14,0.71810484,10.46935,8528,1376,6729
157,22,2.6344626,3.6414165,2716,1125,1436
158,18,5.835224,7.5390377,2734,1036,1419
159,29,-0.8864269,2.9886425,2130,1537,1236
160,23,-1.4821272,7.3730345,7742,2775,4147
161,0,4.0311675,6.7237196,3040,718,2398
162,18,5.9507265,7.6197057,326,132,286
163,29,-1.4203784,3.235575,8498,1323,1653
164,19,-2.5926855,4.529469,2477,648,2553
165,28,3.147714,6.034882,2360,601,2024
166,16,2.70317,4.7497005,2402,1380,2934
167,27,-1.454104,10.617675,6653,2344,5579
168,24,-0.3663249,3.8103323,2575,1595,1329
169,8,5.047385,7.867464,4754,1764,1933
170,30,1.1027292,9.155739,3200,1905,4217
171,31,0.2396677,9.742156,4129,2138,4257
172,18,6.355963,7.1943107,152,167,107
173,3,0.86939824,4.052343,3668,1004,1028
174,5,-1.6511936,5.874062,4279,1359,1648
175,7,-2.0378582,3.7652068,9482,1396,4726
176,31,-0.041154187,9.114515,4175,1886,2613
177,4,-1.5853078,8.213663,2173,1068,1525
178,4,-1.8437474,6.8022785,1773,992,1636
179,11,1.7746449,9.088067,1814,1420,1360
180,18,6.897323,7.089117,262,832,729
181,25,1.0350394,10.697736,2909,1523,2803
182,15,-0.2915195,10.161924,7466,2073,5187
183,4,-1.8905774,6.627477,2923,1582,1793
184,25,1.1080045,8.735093,4688,1994,4901
185,14,-1.1956608,10.056125,3300,2302,3111
186,22,2.267688,3.9452806,2676,2058,1417
187,18,6.7492075,7.101704,126,44,183
188,1,-1.0126752,6.3874507,2841,1633,2089
189,9,-0.8043263,9.481441,3689,1459,1839
190,20,0.48202702,4.663559,3663,1516,1350
191,18,6.1468806,6.9219646,3852,897,2041
192,12,1.9547485,5.4748006,6260,1324,1918
193,4,-1.9576828,5.8451486,1842,1314,1486
194,4,-1.8836904,7.4870505,2889,1603,1677
195,8,4.6990347,7.454378,1724,1133,1375
196,22,2.693382,3.673589,4448,576,1197
197,21,-1.562266,3.9194937,3842,855,1989
198,31,0.5319936,8.498762,2270,1254,1774
199,5,-0.5635493,4.6224413,3750,2461,3448
200,24,3.0244186,8.429233,2782,2745,1127
201,4,-2.1305032,7.7905984,5427,2432,4815
202,27,-1.2955879,10.581668,4289,1001,2237
203,28,3.2246873,8.129612,4325,1500,1869
204,19,-2.7867095,5.0964966,6929,1441,3559
205,31,0.29924795,8.674849,2671,1716,1453
206,8,4.6868553,7.5618377,2793,1545,1848
207,18,6.6892877,7.1240597,3,283,318
208,5,-1.0004988,4.039475,1172,1142,600
209,18,6.2565103,6.8933825,60,133,162
210,31,0.43119964,10.941183,5864,2551,4076
211,16,1.4460466,8.246986,2828,1975,3874
212,0,3.229243,6.7587967,2691,1131,1282
213,7,-1.6014392,4.3442144,1903,1660,1297
214,19,-2.9284825,4.832593,1172,148,829
215,4,-1.8859624,6.607983,3767,1414,1783
216,10,3.5270023,7.6689963,3996,1622,3577
217,7,-1.6368353,3.4767556,3545,1196,1449
218,24,0.19015251,3.2068334,3812,1377,549
219,20,2.0247297,5.1010485,3353,1360,1568
220,14,-1.2238657,9.97212,5154,1258,3524
221,14,-2.1814451,8.624144,3085,1300,2461
222,4,-1.6950785,8.152393,2481,1614,2002
223,18,6.0858393,7.3051977,3525,1293,2145
224,4,-1.6442174,7.1545405,1928,1456,1300
225,8,5.0757737,7.685603,5532,237,1703
226,20,0.29854605,4.877325,2158,863,1182
227,14,-0.51763594,9.721362,5333,1080,4019
228,19,-2.9033942,4.889999,1312,163,2229
229,4,-1.981328,6.8291864,3054,2347,3321
230,27,-1.0570512,10.535997,6607,1487,5936
231,4,-2.1557586,7.941414,6092,2606,3403
232,4,-1.515474,8.26054,3375,1438,2040
233,17,-0.37463948,10.655709,6333,1380,3500
234,24,-1.864745,5.7231054,2923,1620,1440
235,5,-2.079309,3.7642758,4776,900,3085
236,28,2.067072,9.299566,3366,2061,1246
237,18,6.5303726,7.4284186,1343,2339,1833
238,17,-0.43000606,10.717874,5063,2035,2872
239,20,-0.09181502,4.8389277,3789,1190,1987
240,28,5.0845203,6.8619666,2784,1493,1244
241,1,0.119929604,6.0854073,3359,1643,1751
242,7,-1.9195582,3.8813457,5454,2415,2729
243,14,-0.611655,9.800688,2530,992,2330
244,12,2.8898478,5.4921803,2362,1188,1687
245,6,-2.2268598,8.602695,2408,3256,2810
246,0,2.794834,6.2458806,5726,1888,2503
247,29,-1.2510567,3.406434,4318,1223,1627
248,13,0.0075061447,5.9362917,5129,3067,2703
249,5,-0.7638345,4.991413,3938,1213,1985
250,25,1.1674302,10.066273,2435,2360,2423
251,5,0.22362193,3.4150574,3870,1547,6533
252,8,4.543687,7.206931,3139,2399,3701
253,8,4.7032347,7.9863124,4830,1526,2590
254,3,0.57856524,4.553452,9127,1454,1685
255,20,-0.24039266,4.5958686,2522,578,2579
256,10,2.7899795,7.9470177,5581,2341,3138
257,18,6.031616,7.2489605,894,594,846
258,18,6.312003,7.277296,310,279,288
259,16,1.4872392,8.083896,2914,2842,2664
260,22,2.6307626,3.6735148,1987,641,1068
261,1,-0.8650744,6.0208426,3202,1398,2488
262,12,2.391433,5.403758,5000,2026,1663
263,16,1.5705076,8.113866,4798,3431,3900
264,7,-1.8732406,4.2781067,1538,789,889
265,27,-1.4610637,10.436313,3789,947,2102
266,5,0.40069506,4.9438977,3909,874,1277
267,7,-1.7677356,4.1489887,3164,1338,1513
268,9,1.2229497,9.621409,4618,2968,1973
269,7,-1.8464712,4.151142,1988,1105,991
270,26,0.06728524,5.649042,2720,1055,1279
271,18,6.2462306,7.434771,199,100,93
272,15,-0.19580503,10.017162,5816,1102,2651
273,24,1.7093725,4.628483,11074,4731,3039
274,5,-0.5539353,4.808193,4604,1574,1976
275,7,-0.7879602,3.7137396,7463,2235,2085
276,0,3.7364657,6.8479066,1647,1125,1472
277,28,3.0875812,5.9413867,1822,1118,1236
278,31,-0.18603945,9.193955,3879,1672,2618
279,27,-1.6369878,10.011535,9413,2915,5547
280,15,-0.38599452,10.144508,4012,1993,2746
281,2,-0.6830858,7.8251357,3283,2406,1431
282,4,-1.9634894,6.685577,11,3,7
283,3,2.011005,4.1944647,7505,2044,3581
284,18,6.2702227,7.4544234,4949,2388,3065
285,16,1.5918207,8.069093,1630,1053,685
286,9,-1.3699007,8.563771,387,150,713
287,5,-0.4394298,5.4286394,4269,1312,1930
288,30,-0.71770227,9.396899,4274,2984,3738
289,23,-1.300141,6.996729,6601,2860,4782
290,11,1.5481583,8.5578985,3499,1519,4270
291,8,4.6310873,7.6307526,3650,1089,1410
292,25,1.0205615,10.702142,10009,2476,6473
293,12,2.1602871,5.1277966,1957,1009,602
294,9,-0.98888284,8.957702,3319,2515,1759
295,1,-0.0005443018,5.754901,3041,1567,2111
296,29,-1.3756131,3.237714,3621,1525,1152
297,9,1.2860893,9.741152,3584,1981,2674
298,11,1.7044522,8.738154,3531,1266,2479
299,15,-0.1470456,9.15042,3210,972,1708
300,9,0.96501166,9.545067,3256,3075,1312
301,7,-1.6121156,3.2028043,8430,1191,1934
302,28,2.8949955,8.462344,643,435,567
303,17,0.0040542167,10.545936,2313,1955,2689
304,18,6.797172,7.6852207,2179,338,181
305,26,-1.6078085,7.044295,3581,1366,1850
306,8,4.822984,7.8364716,4531,972,1759
307,18,5.8626513,7.6951656,12859,2583,4510
308,11,1.4844337,9.54578,1987,1403,2612
309,6,0.56819755,10.049202,7320,3678,7589
310,18,6.5407114,7.619049,710,1005,311
311,4,-1.8213522,6.8538103,3316,1549,2141
312,27,-1.5466058,10.325533,2211,265,918
313,6,-1.3022139,10.295992,926,1113,1658
314,12,2.4705453,4.9239473,9597,3315,1413
315,22,2.7561896,3.6428723,3582,474,1632
316,18,6.1021748,7.320017,774,527,397
317,10,3.2993708,7.569174,2774,1539,2589
318,30,0.99996567,9.296097,122,42,10913
319,21,-1.5403835,3.900089,6307,1456,3862
320,16,-2.2430735,8.3344555,5352,2124,5345
321,31,-0.42544532,8.894934,3839,1653,2435
322,26,0.06518069,5.6229744,2606,1492,1323
323,22,2.4167461,3.689714,4192,2517,2781
324,7,-1.4689398,4.148291,1834,1184,1006
325,5,-1.44644,5.0818458,3821,1078,1528
326,5,-0.7471535,4.567595,2598,1768,1474
327,16,1.6044904,7.997646,3250,2612,3406
328,0,3.3801904,6.4357386,3773,1309,1387
329,20,-0.31850237,4.5090957,8644,1677,6300
330,27,-1.1950322,10.415691,2919,1467,1839
331,28,2.583106,7.718028,5413,1853,3042
332,10,2.1138709,8.279596,2815,1481,2330
333,5,-0.047567394,3.445745,6743,2484,6914
334,31,0.1406567,8.34928,3219,1814,3532
335,8,4.8997717,7.82813,3275,518,916
336,26,0.14953567,5.598943,1504,858,944
337,5,-0.68218774,4.7128253,8017,3459,3835
338,21,-1.1214236,3.8221154,3795,1803,1845
339,18,6.1182575,7.014071,2905,1523,2687
340,12,2.2523851,5.134836,5058,1973,1999
341,7,-1.6490018,8.203913,2376,1859,1432
342,16,1.7188065,7.9209986,2180,2385,3458
343,7,-1.9786956,4.977097,1880,1085,1372
344,8,4.6542997,7.29367,1707,1084,1357
345,24,0.34719324,5.1447654,2257,1612,884
346,28,2.8349605,7.714078,8269,2867,3198
347,23,-1.2747856,7.692316,4306,1510,5041
348,0,-0.32816163,5.3391037,2710,523,1072
349,4,-1.9777433,5.910925,2197,1423,2343
350,13,-0.7817874,7.134276,2810,1400,2956
351,12,2.441749,5.1226163,3961,2224,1666
352,16,1.6414647,7.9437046,806,840,1236
353,31,0.9252497,10.70215,3099,1337,1998
354,28,2.8264208,7.713488,7221,1502,1916
355,8,4.9421306,7.5839114,2221,1251,1479
356,12,2.5679224,5.500843,4804,1998,1674
357,31,0.47449103,8.56985,3180,2132,2676
358,20,-0.41858175,4.387316,11985,2634,4653
359,18,5.9391384,7.364796,1608,765,1189
360,31,-0.15148099,8.482575,2422,1669,1739
361,1,-0.9159903,6.100938,3814,1632,1433
362,22,0.16709085,2.993663,2067,1688,1208
363,7,-1.7819532,4.2622423,5252,1601,2610
364,18,6.690903,7.240333,1017,417,391
365,27,-1.0208225,10.436815,3860,3632,4291
366,22,2.6843739,3.703826,4471,877,1910
367,12,2.403915,5.0730324,4723,1695,1858
368,18,6.2577324,7.296501,1888,1979,2232
369,18,5.6613946,7.602859,3664,4280,2046
370,7,-1.954512,4.399733,2007,629,1082
371,0,3.6003132,6.194541,2914,1180,1609
372,26,-1.0948857,6.7329984,7209,4098,4397
373,30,-1.9744645,4.2768383,5543,2380,4413
374,18,6.8493204,7.1557813,231,372,489
375,19,-2.8724706,4.7744,7751,1270,4060
376,5,-0.82225066,5.065162,3053,1289,1769
377,5,-1.1040311,5.088152,4365,1271,2172
378,7,-0.92437774,3.7771683,6346,1013,2698
379,20,0.20967332,4.5176845,3619,1357,1457
380,0,2.9551294,6.314925,3070,1313,1676
381,1,0.07001899,5.8085704,8537,5074,5664
382,24,0.3994588,3.2558677,7687,418,2943
383,10,1.4591451,8.51122,6401,1856,3073
384,4,-1.3693372,8.272544,4916,1600,2877
385,5,-0.54982483,4.7443495,5423,2118,2344
386,9,0.603407,9.982076,2195,959,1763
387,10,3.4524148,7.710562,2283,1149,2057
388,15,-0.082777694,9.842167,7556,2064,4721
389,20,0.45591128,4.4299545,4282,4061,1297
390,16,0.47084153,9.378018,143,180,248
391,22,2.7480218,3.6219704,5720,950,3336
392,12,1.6334492,4.267606,6605,1451,1614
393,25,0.9823327,10.727102,5615,1377,3759
394,8,5.080073,7.958303,5319,271,1709
395,5,-0.4097836,5.3643622,4664,1105,1781
396,8,5.092887,7.8483553,2685,279,1330
397,5,-0.94506794,4.9705567,4847,1510,2931
398,13,-0.031652883,5.7786436,3080,1979,4288
399,6,0.678725,10.249694,1546,1573,1925
400,27,-1.5619637,10.153417,7332,2042,3285
401,0,3.3773186,6.413766,7847,2907,3826
402,9,-1.6606183,9.9808235,9407,2046,3650
403,15,0.7986756,9.92063,6962,2707,5302
404,8,5.1237087,7.894788,6814,283,2534
405,21,-1.1333656,3.906519,7153,1925,3504
406,7,-2.191643,5.0370703,3604,1463,1914
407,7,-1.8718776,3.882798,155,67,47
408,24,-0.032624785,3.4344318,2964,1471,2212
409,24,0.46389103,3.5855827,3997,1702,2227
410,4,-1.926291,8.586055,3451,1734,3197
411,24,1.6287541,4.6199365,8444,3375,2239
412,29,-1.5620624,3.4365559,3020,1136,1653
413,14,0.32208747,10.138264,4990,1711,10745
414,27,-0.48898596,10.656367,2894,1162,3847
415,27,-1.0286657,10.558895,2075,1619,1972
416,11,2.0171225,8.858535,2355,1588,2839
417,23,-0.8723418,6.750228,3723,1941,1812
418,24,1.4675177,4.45882,1749,844,1007
419,9,-0.9211729,9.325794,6795,2937,5825
420,24,1.3485062,4.1309657,6703,1339,1703
421,18,6.4388843,7.2102084,814,1519,815
422,29,-0.5877708,3.3916657,3388,1171,1357
423,30,-1.9114791,6.8971844,4489,3012,4574
424,1,-0.71985173,5.9810634,5214,1411,2125
425,30,0.9235035,9.308154,458,119,22103
426,0,2.9933274,6.4155054,4007,1873,1924
427,28,2.255822,8.710168,4623,1943,2276
428,16,2.3876345,6.3540626,1657,931,1349
429,9,-0.915778,8.976072,5487,2627,4660
430,29,-1.0195044,3.0431087,5166,1948,3791
431,0,2.543262,5.5731983,3860,1222,1770
432,16,1.7062551,8.008723,3646,2374,3105
433,0,3.6383247,6.3429193,3156,1915,1895
434,5,-0.66211206,4.938426,9198,2412,3081
435,23,-0.87750113,7.291744,2980,1488,1246
436,21,-1.2719607,3.7723715,8144,1901,4726
437,17,0.5370725,10.914777,9008,1426,3535
438,25,1.0434881,10.713422,11329,1434,6034
439,26,-1.0193138,6.4154887,6729,1865,2407
440,26,-1.5472518,6.912221,6320,3245,3617
441,22,-0.2926239,3.120793,3443,2204,4841
442,18,0.47220168,3.441151,3163,1638,1621
443,7,-1.7646703,4.469614,3758,1297,2398
444,24,-0.12003692,3.6682115,2805,1179,1568
445,24,1.1936066,4.258015,5048,1777,2030
446,15,-0.07473739,9.847625,7526,1857,4253
447,6,0.21992892,10.803138,1069,1046,1042
448,16,2.5925195,7.1934566,3498,2051,2186
449,15,-0.4120263,10.03139,3974,2142,4166
450,23,-0.9349642,7.245294,3574,385,3489
451,16,0.47297817,8.504392,6492,2248,4273
452,29,-1.6160306,3.5833125,3894,1554,3764
453,28,3.2879832,8.134712,3335,1296,1093
454,6,-0.5343069,10.675965,2377,2763,2125
455,3,1.7969141,4.949553,4683,1975,1459
456,23,-1.8059372,6.9496465,425,262,363
457,8,5.4231462,7.629929,1544,653,1165
458,11,1.1718289,9.999606,2652,1848,3058
459,12,2.4221065,4.6196723,5227,2122,1265
460,0,3.6259875,6.3268027,2690,2006,1764
461,22,-0.4478349,3.1948748,2139,1942,756
462,15,-0.2143984,9.994191,3922,1040,2622
463,23,2.390852,4.306643,2470,2221,782
464,10,3.0456662,5.98646,4796,2714,2668
465,21,-0.1598643,3.4995852,2697,1429,1810
466,28,2.806247,7.715101,4965,1919,2102
467,30,-1.9887811,5.8591814,2377,1732,2797
468,14,-0.61119634,9.876776,1101,376,1086
469,16,1.6898875,8.096092,2288,1108,3572
470,18,4.166063,6.7879524,1243,662,970
471,2,-0.5834935,8.583255,3228,1112,1960
472,4,-2.118998,7.9755154,6377,1651,6178
473,6,0.077473596,10.791367,2131,1665,1844
474,3,0.76469517,3.969502,2505,561,955
475,3,1.0211987,4.864971,4611,1720,1811
476,2,-0.65875435,8.503972,5308,965,2290
477,24,6.1479125,6.868135,3390,408,1814
478,4,-1.6455188,7.330353,6044,1008,2012
479,9,-0.9681833,8.451191,2503,1513,1542
480,3,1.1229323,4.8390074,3683,1460,1887
481,8,4.209052,7.0229373,2443,1162,1975
482,7,-2.053537,3.7111957,11888,1046,3981
483,12,2.6915038,4.633682,3050,1610,1969
484,28,2.048247,9.353297,3415,1543,1218
485,22,2.7058144,4.07346,3850,1401,1672
486,12,2.2225764,4.950365,5469,1230,862
487,30,-1.6321625,9.808692,5446,3149,3818
488,12,2.5839713,5.249008,5635,1983,1188
489,2,-0.39792928,8.881361,1975,1911,1144
490,10,3.5400574,6.931754,3202,2139,2819
491,23,-0.84346384,7.378795,2828,2505,2199
492,8,5.046722,7.718864,3047,920,1494
493,0,3.5270307,6.633544,2145,1814,1689
494,26,-0.1536681,5.839477,5107,2218,3480
495,10,4.4675508,7.352009,1671,1114,1484
496,11,1.2851701,9.277978,3186,2221,3824
497,18,6.7827473,7.1835947,431,987,690
498,10,3.4165776,7.701522,1327,975,1359
499,11,1.9534369,8.614736,2313,1773,2479
500,4,-1.7676774,6.969282,3049,2216,2165
501,28,2.884567,7.692521,3340,1602,2267
502,18,6.649709,7.543405,333,281,160
503,8,4.9256816,7.692602,2155,1240,2672
504,22,2.3897595,3.7015119,2499,2655,1286
505,12,2.672855,4.73614,2029,878,1856
506,30,-0.4091643,8.410456,4426,3274,3113
507,15,-0.385616,10.411486,1726,851,1517
508,0,3.5832965,6.342156,3256,1498,1808
509,16,2.414081,6.976976,2202,1215,1425
510,18,6.165176,7.120344,1155,1510,1445
511,29,-1.6943846,3.4765906,7103,2493,2442
512,12,2.5782492,4.794066,8359,3366,2541
513,27,-1.3090427,10.530453,11730,1273,6510
514,25,1.0611265,10.6570015,3920,1618,3108
515,18,5.7597756,7.709331,3209,718,1376
516,2,0.39211333,8.590408,3638,1257,2523
517,13,-0.58690125,6.7707844,3667,2402,1664
518,5,-2.058956,3.788521,6103,727,3801
519,12,2.2299397,4.893731,2561,1042,1053
520,7,-1.9146931,3.9390757,2934,1238,1232
521,28,2.1608546,8.146336,6277,3157,5264
522,14,-0.74014735,9.838531,3409,1947,2332
523,18,6.7231317,7.2410984,171,344,203
524,26,0.053088356,5.7540593,2787,1694,1514
525,0,2.6536357,6.139094,3083,833,1586
526,29,-0.7896184,3.5441284,2550,1267,1258
527,4,-2.2031903,8.030337,8013,3459,3567
528,3,0.51671785,4.4975843,5137,1644,2236
529,16,1.4969916,8.202364,1730,1507,1469
530,9,-1.5688655,9.79726,0,0,0
531,19,-2.873834,4.8599486,4314,1027,3540
532,8,4.856913,7.3315525,2403,1182,1609
533,9,1.2494341,9.634437,3205,3079,2552
534,1,-1.5479596,5.3800025,5560,2378,3267
535,22,2.6188974,3.6839716,669,374,559
536,21,-1.4385339,3.8030984,5244,1387,4017
537,11,1.8828233,8.861941,2024,1126,1640
538,2,-0.67168885,8.527884,2907,2006,2237
539,27,-1.4468123,10.585878,5505,1504,3885
540,29,-1.3838398,3.3602104,2552,1182,875
541,9,-1.24568,8.643276,3171,2280,1199
542,15,-0.1804625,10.003305,5993,1156,3429
543,7,-1.7741863,3.457232,3644,1305,1729
544,25,1.1280088,10.598506,3330,1745,3277
545,15,0.22337443,9.69987,3009,1835,2690
546,30,-1.6283978,9.945311,9841,1936,5190
547,9,-0.8825363,9.190841,3793,2147,2276
548,4,-1.8606256,7.3330517,5121,1894,2893
549,0,3.5583816,6.55672,2727,1495,758
550,7,-0.7103383,3.9097254,4193,1823,1745
551,26,-0.23688279,5.835648,3688,1284,1952
552,0,3.3776338,6.5079546,2798,1278,1653
553,15,-0.25803766,10.115917,3654,1017,2687
554,29,-0.7083874,2.9933994,1757,2098,801
555,17,-0.21460514,10.774048,4052,1507,3933
556,18,6.2231827,7.442801,99,502,310
557,14,-0.5871909,9.885593,3350,1434,2644
558,31,-0.33490157,9.4914,7510,2675,5970
559,16,1.2877482,8.296018,2195,2363,3379
560,0,5.914954,7.6131616,5831,417,1297
561,28,3.2275634,6.583296,2311,1330,1346
562,0,2.6470606,5.8722706,2248,980,1475
563,6,0.32041693,10.459722,2891,988,2630
564,21,-1.2202476,3.5673046,3734,1767,2266
565,31,-0.54709744,10.696796,4346,1483,1877
566,31,-0.60849524,10.726173,8969,1250,3124
567,26,-0.43470886,5.9571223,6393,2108,2914
568,15,-0.1572749,9.383259,3421,2292,3205
569,3,0.92776483,4.7056265,6185,2281,1893
570,23,-1.4858466,7.1520405,3275,949,1684
571,8,4.7755237,8.0347,10603,62,906
572,8,4.7479453,7.2627835,4293,2781,3053
573,8,4.5907264,7.2644253,1789,943,1575
574,8,4.8483143,7.8356624,3438,1589,1307
575,8,4.6640315,8.021352,1627,599,1031
576,22,0.12451611,3.1405344,4057,2061,719
577,4,-2.1812913,7.842578,2451,1463,1527
578,17,-0.45336488,10.592559,543,161,418
579,21,-1.5514742,4.0615206,6246,1770,2966
580,17,1.5002642,9.7516575,2529,1435,1528
581,27,-0.7563411,10.431417,2567,1124,1354
582,9,-0.3257848,9.421634,3697,2486,2690
583,7,-1.9779024,3.745349,1954,1001,1297
584,7,-0.05939994,3.292797,2700,1647,1348
585,29,-0.86449844,2.9859374,2346,1663,1472
586,20,0.24217467,5.193815,1717,1315,1172
587,12,2.0878363,4.6021113,5048,1559,1334
588,30,0.8715315,9.314609,1035,51,8513
589,7,-1.9243476,3.683823,3148,1141,1772
590,30,-2.0220366,8.778385,2688,800,1727
591,25,1.882665,8.408949,1,3,5
592,4,-1.6710074,7.195341,5692,1631,2238
593,7,-0.73422575,3.6489275,3097,818,975
594,3,0.42188188,4.730723,9390,1769,1749
595,25,0.99612135,8.719357,3712,3816,3529
596,18,6.216805,7.3189735,170,542,567
597,15,0.0401931,9.785366,3734,1749,4444
598,20,-0.13647,4.807154,5807,1840,2632
599,3,0.5663062,4.614336,4717,1269,1525
600,26,0.004035196,5.8587046,3695,2480,2322
601,3,0.8143914,3.9996023,4013,602,1034
602,4,-2.1436179,7.789306,0,0,0
603,7,-1.6721438,4.399816,2241,880,1328
604,16,1.6212786,7.8749027,2955,2146,3802
605,24,0.3925274,3.2810547,5313,805,2767
606,7,-2.0755477,4.8340926,12173,2240,6384
607,23,-1.0206411,7.168638,5896,2417,5286
608,4,-1.6447588,8.248585,2899,1860,1921
609,14,-0.7880835,9.43051,3668,2030,2573
610,9,-1.548718,8.472616,4976,2501,2489
611,12,1.6455252,5.2023525,1979,1273,1097
612,26,-0.64749074,6.5746474,2657,1293,1864
613,16,1.6108181,8.734826,5630,2444,4849
614,24,0.24703139,3.9025726,3251,1784,1059
615,3,-0.19404812,3.4422486,3212,1401,2042
616,19,-2.9272761,4.829411,3668,440,1404
617,30,1.1128159,9.408858,3388,1522,1816
618,11,1.1602262,10.037644,3414,1989,3913
619,4,-1.8288629,6.793908,1592,884,1105
620,0,3.7127516,6.524811,1521,752,959
621,29,-0.90758795,3.018541,3950,1924,2368
622,8,4.599242,7.820094,2925,1080,1664
623,18,6.814649,7.6790833,15,135,82
624,22,0.23076414,3.1064804,1214,950,180
625,12,2.3171797,5.3392496,2584,1070,1076
626,18,6.5343738,7.144799,225,139,58
627,3,1.2595409,4.0384774,3463,757,1025
628,27,-1.9772654,9.01828,2766,843,1763
629,6,0.8708089,10.197992,1997,3304,2147
630,11,2.0563948,8.884717,2305,1435,1663
631,9,-1.5834162,8.148421,1629,1455,645
632,29,-1.0217516,3.0712774,3915,2296,1390
633,28,2.8665686,7.68615,2791,1033,1115
634,7,-1.6546402,4.2258797,4660,1353,2136
635,8,5.0675354,7.670079,2500,1072,1266
636,15,-0.29760134,9.565142,4718,1235,4300
637,11,2.0333853,9.385431,2367,1583,1537
638,26,-0.06645413,5.8196144,6574,1964,5534
639,24,1.3402351,4.742473,6039,2119,2130
640,16,2.0312536,7.8783984,3322,3100,2900
641,18,3.43696,7.004888,2781,1210,1312
642,20,0.6787866,4.8186975,3033,1278,974
643,12,1.6501423,4.2321095,5388,1097,895
644,17,1.1918253,9.376851,5548,3400,5791
645,7,-2.4863513,4.4137435,5183,1503,2512
646,30,-2.0897098,4.1946764,1952,948,1356
647,1,0.22689345,5.6168637,1085,519,931
648,31,-0.2710058,9.003799,7289,2413,4855
649,28,2.8486075,7.726045,4853,2206,2643
650,2,-0.4193487,8.8516445,6371,4309,3775
651,7,-2.5256739,4.465657,2923,1413,1398
652,15,-0.15479709,10.092432,167,77,106
653,21,-1.2855552,3.615704,2400,1090,1061
654,18,5.99578,7.0934086,1850,1504,1806
655,12,1.5712715,4.2079678,9757,1350,1796
656,6,-0.5096865,10.705696,262,47,100
657,28,5.979687,6.7040834,2856,2614,3349
658,16,0.45305526,8.45796,2323,1197,1628
659,21,-0.41551447,4.495653,5109,1463,3347
660,17,2.956248,8.508665,3840,1778,2354
661,10,4.4961247,7.369891,3050,2617,3474
662,7,-0.9693043,3.7771227,10544,1640,3358
663,0,3.573733,6.4176574,3021,2004,1753
664,0,2.560205,5.5413637,1755,809,858
665,18,5.918582,7.6214023,5754,1885,4141
666,7,-0.84780794,4.0172725,3854,1388,1606
667,8,4.1281424,7.5913844,3447,1447,2147
668,0,3.0494525,6.3999224,2773,915,1053
669,22,2.4496124,3.731958,1635,1158,1746
670,6,0.5749286,10.892138,5581,1352,2497
671,12,1.790616,5.1555347,2572,1461,1120
672,12,1.8301004,5.449516,4200,1620,2968
673,7,-1.7474706,3.5623534,3730,1491,1509
674,31,-2.2183568,8.6330805,3607,2340,7138
675,13,-0.5984024,6.878296,3249,1144,1972
676,29,-1.0779068,3.1869278,5216,1447,2044
677,19,-2.630115,4.5688257,1006,401,1343
678,18,6.035541,7.5506687,222,272,194
679,24,1.7073094,4.647055,6443,2103,1199
680,6,-2.2346253,8.616566,3257,3302,3182
681,25,1.1314946,10.603251,3442,1742,3205
682,10,1.5470697,8.368507,3948,2459,3673
683,24,1.2974111,4.853187,3479,1604,1291
684,10,3.5598674,7.247386,1759,1299,1278
685,9,1.5331243,9.648352,3981,2897,1129
686,27,-1.4486462,10.593464,4496,1166,2897
687,22,2.6327107,3.575566,5828,717,2044
688,24,1.6210251,4.5273433,6291,2820,1729
689,24,0.39517727,3.2980497,5864,478,2644
690,29,-1.3458487,3.3386528,4924,1160,2724
691,18,5.8414445,6.642391,143,156,214
692,18,6.36977,7.0365925,1868,1740,1946
693,1,-0.0029889094,3.2520454,4537,2021,1697
694,28,2.398254,8.521959,3255,1581,1691
695,20,-0.7819091,4.2467513,4800,1669,3177
696,20,0.059702847,4.663447,3278,702,1969
697,16,1.5531807,8.206179,2238,2057,4726
698,15,-0.08346406,9.842299,5146,1196,2950
699,17,0.23330356,10.686039,2747,1600,2619
700,31,-1.2287486,8.777956,2114,1342,1786
701,1,-0.7689789,6.349884,3414,2267,1389
702,18,6.916635,7.121003,1158,615,982
703,18,5.556099,7.4495244,1865,266,3810
704,7,-1.8044462,3.33193,2761,908,1173
705,21,-1.8439416,3.6906059,3169,862,2509
706,8,4.642203,7.2222066,2627,1274,2252
707,12,2.6026337,4.757034,2987,1348,1541
708,18,6.281529,7.430542,576,582,411
709,6,0.3218295,10.438241,2686,2451,4628
710,20,-0.38621396,4.1476526,3560,1627,1404
711,31,1.3346785,8.29383,2985,1092,2523
712,8,5.013222,7.8444905,4213,1401,1477
713,11,1.4140464,9.060475,2357,2456,5547
714,18,6.7699966,7.00618,124,761,937
715,22,-0.32462075,3.06625,2186,1895,1213
716,24,-0.21888812,3.5942543,3942,2150,1871
717,7,-2.0297332,3.7719185,11071,1258,4862
718,9,0.35845098,9.59984,3108,2810,2146
719,25,1.1967313,8.741847,3253,2172,3971
720,18,6.4355016,7.100304,503,853,130
721,8,3.9984956,7.6231017,2781,1323,2360
722,20,2.223426,3.7566755,4333,1582,3543
723,11,1.7053515,8.705047,4091,1523,2781
724,31,0.22741336,9.354967,941,270,650
725,8,4.508244,7.1697836,2107,1422,2635
726,19,-2.6292174,4.5828834,5893,1376,6703
727,31,1.2905083,8.234153,2916,1733,1686
728,8,5.2712893,7.9794054,5230,422,1317
729,7,-0.6763667,3.797892,1220,892,618
730,28,3.1343167,6.8611956,6269,2313,2671
731,0,4.218497,6.866971,4289,795,2306
732,22,2.6799722,3.635035,4125,736,2125
733,7,-2.0763872,3.7238543,7856,877,2454
734,6,1.0553373,10.595972,2233,1767,2831
735,0,3.432437,6.7328763,4626,2767,1998
736,14,-0.93944424,9.846878,5589,880,4039
737,28,2.796727,7.791068,5404,2717,2585
738,9,-1.1090983,9.09524,3535,2669,2287
739,4,-1.7295656,8.135609,2925,2035,1744
740,8,5.074388,7.496764,1798,977,816
741,19,-2.8626554,4.817138,7442,1426,3903
742,27,-1.3877851,10.585601,4700,1170,2439
743,7,-1.803777,4.223581,8067,1636,2933
744,17,0.33502203,10.861036,3055,1293,1787
745,23,-1.1571751,7.579781,3564,1895,1942
746,24,3.0222847,8.386327,4057,1414,1628
747,11,1.5610555,9.379512,2573,2585,1250
748,11,1.3560138,9.583023,1600,1273,1194
749,31,-0.61707866,9.463468,5307,2960,3082
750,14,-1.2198148,10.003494,3429,717,2539
751,11,1.9450191,8.827984,4183,2128,2567
752,18,6.475541,7.2082863,999,2182,3032
753,9,-0.6478021,8.953425,1604,597,918
754,24,-0.2733042,3.5239413,3650,1250,992
755,3,2.2429335,3.9478514,772,759,448
756,20,-0.03218982,4.716699,3700,831,1574
757,18,6.8932743,7.113798,206,403,339
758,19,-2.7093503,4.90755,2395,490,1826
759,9,0.3491029,9.556542,2108,2090,1052
760,4,-1.6663678,8.384583,3462,1824,1396
761,17,0.56092316,10.917913,9146,1307,2854
762,26,0.26979974,5.48837,4560,2037,2253
763,15,-0.27917102,10.156515,2155,2521,2747
764,12,2.6466525,5.1217837,2431,915,467
765,27,-1.2625244,10.382602,5287,2473,3390
766,22,2.4707077,3.6793175,3177,1027,3148
767,18,5.9448385,7.6534233,6913,2661,3327
768,26,-0.17041248,5.8061347,3812,1329,3343
769,31,-0.29769632,9.026495,8515,3220,4353
770,0,2.9494293,6.362165,2627,1155,2128
771,24,1.6905147,9.742604,3802,2018,1395
772,18,6.672837,7.2467937,1099,955,914
773,19,-2.9870248,4.840291,4183,519,1120
774,16,1.5445194,8.331759,2336,1141,2263
775,8,5.012949,7.7801247,4148,1754,1826
776,7,-1.9880162,5.803189,1249,879,908
777,24,1.6082919,4.4845896,3361,1172,866
778,0,3.3597448,6.4195924,4044,1815,1697
779,29,-1.6620201,3.471493,3217,1165,1288
780,24,0.39373717,3.44397,4157,925,4668
781,3,1.4754099,4.9988985,5924,1994,895
782,27,-1.4952923,10.330113,3471,1205,1871
783,8,4.3543534,7.1567674,1860,814,1768
784,4,-2.053489,7.6733856,2815,1944,1674
785,12,2.5857112,5.082357,9345,2781,1424
786,28,1.829528,5.4469776,1359,936,1931
787,7,-1.9153244,3.4452927,10985,2259,4641
788,31,1.0467412,8.639169,4023,2549,3077
789,20,0.51881176,4.759301,2986,962,1512
790,11,1.4374398,9.643401,8803,1734,4584
791,18,6.648354,7.1359005,1757,1273,1197
792,5,-0.99516755,5.0482492,4349,1397,1580
793,9,-1.7008697,9.911046,4800,2778,4025
794,0,-0.47945988,6.305831,5459,1720,2268
795,6,1.2636554,9.956845,3522,1989,2814
796,17,0.42975006,10.967787,2754,1624,2517
797,5,-1.6997563,5.3829327,2291,1154,1488
798,4,-1.7862071,6.685956,3446,1369,2053
799,29,-1.1888826,3.405213,2977,1373,1449
800,7,-2.0740125,3.7400053,6676,758,3648
801,8,4.6895475,8.023478,4690,623,1401
802,5,-0.7940218,4.784101,2230,889,1679
803,29,-0.5247336,3.462818,4472,1203,1947
804,30,0.3710092,10.523747,2390,912,2164
805,20,-0.046175722,4.713643,1931,567,1005
806,15,-0.04148663,9.961168,2068,1879,2151
807,1,-1.2444255,6.0537987,3257,1300,1352
808,24,-0.1709105,3.597023,3902,1296,1251
809,17,-0.49526286,10.624941,7819,2062,4688
810,7,-1.8226862,4.2305584,2513,1132,1355
811,11,1.9363078,9.03068,1626,862,1735
812,16,1.8297415,7.906454,0,0,0
813,27,-1.3956841,10.523653,6821,1343,3037
814,4,-2.0873072,7.621442,3024,2611,2177
815,0,3.630824,6.256458,4403,1319,1555
816,30,-2.6801794,5.185526,2349,1073,1636
817,1,-1.2220006,5.9948,7224,2208,3195
818,28,2.3777022,8.422712,3587,1970,2309
819,20,1.8345041,4.927737,2910,1405,1307
820,3,2.252498,4.021935,2321,974,1148
821,26,-0.8003001,6.618855,3519,1618,1845
822,21,-1.1457832,3.8565903,9745,1709,4715
823,7,-1.578083,4.0172243,1391,551,884
824,22,2.6612918,4.3359876,2730,1072,1612
825,6,0.33724526,10.606891,3592,1750,6053
826,28,3.0615566,8.347567,3582,2155,1798
827,0,3.6985135,6.4936676,3187,1978,2203
828,17,-0.044303548,10.81255,3179,989,2254
829,18,6.5941296,7.183254,1116,1831,1218
830,23,-1.4166776,7.2333045,9745,1225,3388
831,14,0.39156356,10.379524,4142,1113,3454
832,27,-1.5302546,10.186175,8435,2506,5296
833,25,1.4691929,9.701391,2355,2017,2760
834,29,-1.3773649,3.3949504,2736,1116,1447
835,26,-0.5326393,6.5156045,4444,1850,2530
836,17,-1.8000736,4.2688165,5562,3122,3059
837,9,-1.0237362,8.872062,4255,2064,2147
838,8,5.0718665,7.5460296,1912,446,663
839,18,6.890077,7.0934258,58,277,204
840,28,3.2843945,8.186148,2856,1644,1100
841,23,-2.2637973,8.4938545,5289,2780,3349
842,10,3.8684926,7.5669,3231,1947,2004
843,10,2.4911783,8.257554,2800,1604,2665
844,4,-1.6359574,7.060888,4357,2212,2436
845,24,-0.19282085,3.8149338,3271,1974,1345
846,11,1.8898706,9.523014,3767,1833,566
847,0,3.029477,6.3710775,3957,1345,1923
848,1,-1.394534,6.0684767,5589,1489,2321
849,15,0.091285795,9.675222,2262,1708,1379
850,6,0.8172131,10.335951,2360,3029,2787
851,27,-1.6072056,10.170478,2551,417,1175
852,20,0.5054496,4.6119967,3621,1535,1435
853,9,1.2429107,9.583373,2146,2861,1378
854,14,-1.0501498,9.413417,8140,1908,6808
855,18,6.8042364,7.1149445,480,131,419
856,4,-1.6553253,7.180122,9787,2528,6544
857,17,-0.09556014,10.791555,3199,619,1935
858,10,4.364736,7.6573896,2134,1607,1699
859,8,5.182096,7.756345,4156,1007,1212
860,15,0.17855452,9.526986,3683,2292,3415
861,22,2.720901,3.8082333,7090,1185,2360
862,24,0.017477933,3.6285355,3061,1264,1416
863,4,-2.1551707,8.689379,6226,2428,5989
864,31,0.028535262,8.388544,2390,1508,1423
865,4,-1.5960107,8.271049,2948,1918,1877
866,18,5.909152,7.66256,3918,941,1364
867,7,-1.6653147,4.189793,4297,1564,2226
868,6,0.6966317,10.254333,3180,3262,3655
869,21,-1.3209952,3.77796,5623,1837,2993
870,28,3.0745327,8.014864,7429,3231,2883
871,14,-0.3538281,9.569623,3306,868,2835
872,12,1.8679174,5.4151483,6589,1901,2096
873,17,0.4052091,11.015906,4451,1999,3685
874,31,0.37036997,8.550534,4190,1445,2412
875,28,2.8452635,7.755243,474,198,341
876,14,0.28899282,10.231829,5152,1511,4130
877,18,6.78752,7.655073,583,808,388
878,18,6.5070276,7.540599,640,317,401
879,23,-1.2231416,7.796933,2459,1125,1366
880,8,4.870551,7.91674,2381,1250,1548
881,8,5.451337,7.633651,2395,1137,1204
882,0,3.623653,6.3774247,2664,1156,1340
883,4,-1.44782,8.544904,4057,1865,2560
884,22,0.35987383,3.1354966,1435,1481,1531
885,4,-2.2309258,8.064402,2596,1037,1920
886,4,-1.6098222,7.3193984,5728,1599,2515
887,12,2.676394,4.719524,5165,1330,2874
888,8,4.653899,7.2453732,2052,941,1940
889,8,4.486033,7.43055,2921,2492,2015
890,12,2.4559653,5.0250025,3854,2006,1428
891,31,0.26962304,8.592891,2614,1503,1790
892,23,-2.2069454,8.532417,3047,1522,2411
893,27,-1.4219925,10.596506,2444,1015,1611
894,27,-1.565106,10.551174,9542,1939,5297
895,8,5.1750507,7.925288,11698,173,1006
896,22,2.5470169,4.1951337,2960,1029,1676
897,18,5.2640357,6.8231745,2280,1191,1375
898,24,1.731498,4.5969167,2530,970,633
899,3,0.82037294,4.008491,9935,1428,2984
900,12,2.3653898,5.543794,2973,1273,1555
901,23,-0.8894337,7.1577454,5573,2566,3938
902,14,-0.862512,10.4241705,8771,2489,3866
903,2,-0.6910943,7.7788634,2893,2100,3026
904,2,-0.5074691,8.762106,2209,1731,1642
905,25,1.3897597,4.936765,2718,1405,1351
906,20,-0.044599734,4.4813485,5008,1494,2088
907,4,-1.9532858,6.9446115,3658,2743,3397
908,31,0.16640279,10.232281,4453,1408,2705
909,30,-2.739549,5.231648,8335,1497,4134
910,18,6.0127525,7.577438,259,393,242
911,1,-0.78945935,5.8444667,2806,1288,2816
912,26,-1.3618416,6.728625,4194,1770,1004
913,7,-1.6260517,4.3661175,3130,793,1362
914,21,-1.631121,4.3101907,3501,1159,1510
915,27,-1.6231031,10.205697,5722,848,2165
916,9,-1.5445728,9.563427,3986,1246,2173
917,23,-1.0318991,7.3647447,3371,1427,2568
918,8,4.9315896,7.4728193,2655,1527,1600
919,5,-0.4064425,5.2020073,6151,1354,1378
920,3,1.1981316,4.208734,4909,1475,1612
921,0,3.0595229,6.159374,2399,1318,1076
922,1,5.9134007,7.6213775,3984,224,1839
923,29,-1.2326982,3.2157626,2988,1010,957
924,18,6.047066,7.6014047,6256,2455,3027
925,31,-0.092345946,9.345946,5291,1823,3820
926,3,-0.2758009,3.5213325,5204,1868,2456
927,18,5.8949866,7.7195477,3710,1449,1499
928,30,-1.678865,9.920146,2034,709,1105
929,0,0.15526901,8.259354,4188,1608,3850
930,13,-0.84817106,7.270286,3925,1203,2299
931,19,-2.934563,4.8593044,6289,746,2908
932,12,2.2640593,5.053849,5934,3086,2162
933,31,-0.055430543,8.229402,1791,1131,1898
934,0,3.3357449,6.901461,2772,2068,2240
935,16,0.83182293,8.4303465,1874,2254,2401
936,21,-0.32095015,3.4262805,3718,1457,1846
937,19,-2.6011403,4.515473,2319,1713,2033
938,5,-0.7622532,4.5271773,3351,2902,2169
939,2,-0.72873336,8.414333,3119,1357,1870
940,24,-0.9647793,10.260727,4808,2595,3149
941,18,6.2161875,7.3697433,746,562,320
942,5,-0.27840877,5.1810594,4243,2020,2957
943,12,2.215133,4.8199096,6617,1776,1066
944,31,-0.004526186,8.947912,4510,809,2654
945,27,-1.445229,10.324327,6658,1176,4345
946,13,-0.6139047,6.941731,2780,1364,1045
947,8,4.6706195,7.284061,1272,490,971
948,12,1.5317723,5.243134,1923,1109,1126
949,16,1.4840068,9.167779,1833,1248,2661
950,10,2.0372949,8.181389,2598,2012,3485
951,12,2.3709927,4.416836,2606,2060,901
952,19,-2.779067,4.7353334,4553,1197,3084
953,27,-1.599843,10.598972,5827,787,3527
954,9,-1.4169568,8.661693,3094,1411,1513
955,2,-0.2142331,8.324862,1641,1424,1398
956,28,2.4956484,7.833043,3348,1440,1851
957,5,-0.09628338,4.991142,5632,1354,1456
958,11,2.0729778,8.793321,2291,1390,1832
959,11,0.6515409,9.34776,4196,2187,4402
960,25,1.0729127,10.704524,5903,1749,4446
961,2,-0.5675492,8.571375,3043,1636,1888
962,18,6.833402,7.6970105,995,2843,2772
963,17,-0.6332155,10.382064,3373,2013,3228
964,20,0.15772127,5.575199,2835,3258,2292
965,6,-1.0042901,10.447766,978,1548,1106
966,29,-0.99243057,3.3280427,2134,642,1407
967,29,-1.5581589,3.2366147,4506,1605,1767
968,4,-1.5585378,8.331183,3316,1515,1988
969,0,3.5387576,6.399633,3378,2211,2454
970,0,2.8472934,6.6799455,2716,1689,1453
971,18,6.7420664,7.2024665,475,321,336
972,23,-0.8239056,7.378121,2147,1313,898
973,16,1.4482595,7.7488966,1421,810,1439
974,14,-1.2214003,10.009595,6089,1196,4436
975,17,-0.5427642,10.691422,3905,1173,3032
976,5,-0.65322405,4.733846,4397,2402,2707
977,15,-0.07301484,9.870744,4308,1828,2851
978,19,-2.7823553,5.0949054,4707,1086,3411
979,23,-0.9485315,6.960588,2649,1167,1360
980,0,4.1360965,6.7973604,2632,903,2095
981,24,1.4949307,4.1738663,811,117,208
982,19,-2.129354,5.004455,4541,1338,2298
983,7,-1.8292938,5.6239305,1018,658,710
984,19,-2.594832,4.4831,1327,277,1917
985,20,0.37370366,4.2161016,4856,1847,1458
986,4,-2.1813672,7.9010873,6059,2922,3585
987,4,-2.1365554,8.029987,5890,2840,3263
988,21,-0.9638459,4.0053024,5916,1952,2674
989,9,-1.3782187,8.555372,3685,2810,1606
990,7,-1.5861318,5.235109,5976,2438,2817
991,18,6.208166,6.912024,122,302,541
992,15,-0.08878632,9.591108,5891,3430,3503
993,10,2.7038496,7.2494564,2013,898,1199
994,17,-0.49673763,10.723465,6971,1228,4057
995,9,0.5533404,10.962149,3856,1431,1644
996,30,-2.0931308,4.2105436,6537,2300,4658
997,1,-0.64604205,5.895228,4401,1475,1703
998,29,-1.3269578,3.169102,4146,1151,1816
999,12,2.0713036,5.963193,3186,1714,2761
