omitted_source_macro,metric,broad,specialized,contrast_specialized_minus_broad,direction_concordant
0,directed_modularity,0.4787638660552605,0.5078149673557291,0.029051101300468563,True
0,audience_participation,0.7201631982780139,0.6857570623907291,-0.034406135887284806,True
0,semantic_span,0.12516880417882909,0.1158837806773434,-0.00928502350148569,True
1,directed_modularity,0.48174910872261556,0.5104067016815919,0.028657592958976297,True
1,audience_participation,0.7170289502523433,0.6828811471627011,-0.03414780308964216,True
1,semantic_span,0.12583197522139664,0.11661749258600343,-0.009214482635393206,True
2,directed_modularity,0.4831165993600929,0.5116412377441136,0.02852463838402075,True
2,audience_participation,0.7160635856657942,0.682000086093589,-0.034063499572205225,True
2,semantic_span,0.12539455108798664,0.11618087510697542,-0.009213675981011221,True
3,directed_modularity,0.4808093514423011,0.5089469106731995,0.028137559230898446,True
3,audience_participation,0.7181243881547712,0.6845689502457466,-0.0335554379090246,True
3,semantic_span,0.12597064600250074,0.1167004471176691,-0.009270198884831646,True
4,directed_modularity,0.48039901786245554,0.5086633327347558,0.0282643148723003,True
4,audience_participation,0.7184596162316601,0.6850163227447935,-0.03344329348686659,True
4,semantic_span,0.12574207563372977,0.11646349455681598,-0.009278581076913789,True
5,directed_modularity,0.47978309887386983,0.5098844059515931,0.030101307077723294,True
5,audience_participation,0.7189527122162842,0.6836994247098016,-0.0352532875064826,True
5,semantic_span,0.12608073627997066,0.11680134441331139,-0.00927939186665927,True
6,directed_modularity,0.48439653998629373,0.5132227617542444,0.028826221767950688,True
6,audience_participation,0.7142339902549939,0.6797809008995469,-0.034453089355447,True
6,semantic_span,0.12521583153678661,0.11601435521236705,-0.00920147632441956,True
7,directed_modularity,0.4757691504547512,0.5036594845027036,0.02789033404795238,True
7,audience_participation,0.7244010218722714,0.6915603678958249,-0.03284065397644653,True
7,semantic_span,0.12671569602279345,0.11759665232632402,-0.009119043696469431,True
8,directed_modularity,0.48534580461024757,0.514182594530966,0.028836789920718475,True
8,audience_participation,0.7140706654328772,0.679638830696883,-0.034431834735994205,True
8,semantic_span,0.12377564906385614,0.11441619315028248,-0.009359455913573664,True
9,directed_modularity,0.483643293804182,0.5133443978885451,0.02970110408436316,True
9,audience_participation,0.7152717917753342,0.6802719653866938,-0.03499982638864041,True
9,semantic_span,0.12555861401568164,0.11621297513484016,-0.009345638880841473,True
10,directed_modularity,0.4835692850507093,0.5123656310109624,0.028796345960253156,True
10,audience_participation,0.7157550187629393,0.6814157422112824,-0.034339276551656917,True
10,semantic_span,0.12516423640999239,0.11591306683695277,-0.00925116957303962,True
11,directed_modularity,0.48114966869363024,0.5096951892411931,0.02854552054756282,True
11,audience_participation,0.7173659235269034,0.6832460209812572,-0.03411990254564623,True
11,semantic_span,0.12547032366875677,0.116098634288816,-0.009371689379940762,True
12,directed_modularity,0.48082023980743427,0.5119532493291168,0.03113300952168252,True
12,audience_participation,0.7178574407546315,0.680879294918534,-0.03697814583609749,True
12,semantic_span,0.12498768784456542,0.11520258510232126,-0.009785102742244159,True
13,directed_modularity,0.4813171782138631,0.5103515602512975,0.02903438203743436,True
13,audience_participation,0.717968185897143,0.6835178664650216,-0.0344503194321214,True
13,semantic_span,0.12579047746733693,0.11656856480830488,-0.00922191265903205,True
14,directed_modularity,0.4832230250556656,0.5115945689100388,0.028371543854373238,True
14,audience_participation,0.7155890222929839,0.6816351464156363,-0.03395387587734766,True
14,semantic_span,0.12551254136090498,0.11637335289734849,-0.009139188463556491,True
15,directed_modularity,0.47927307114144563,0.5072892607460429,0.02801618960459723,True
15,audience_participation,0.7193763333663759,0.6859090820952916,-0.0334672512710843,True
15,semantic_span,0.1259586921743743,0.11661606681570233,-0.009342625358671974,True
16,directed_modularity,0.48327341808915814,0.5121825867976009,0.028909168708442734,True
16,audience_participation,0.7154496798881773,0.6808071092847248,-0.03464257060345255,True
16,semantic_span,0.1251064062526751,0.1157577790922161,-0.009348627160459005,True
17,directed_modularity,0.48206492246335453,0.5094571013911522,0.02739217892779766,True
17,audience_participation,0.7161783684834693,0.683428397649722,-0.03274997083374731,True
17,semantic_span,0.12577580538527883,0.1166551752748328,-0.009120630110446032,True
18,directed_modularity,0.49892738273064036,0.5299190451012896,0.030991662370649264,True
18,audience_participation,0.706883612882185,0.6721103675900321,-0.03477324529215298,True
18,semantic_span,0.12070721052048855,0.11132807146875945,-0.009379139051729102,True
19,directed_modularity,0.47916425756655917,0.5083221287606513,0.029157871194092133,True
19,audience_participation,0.7205403415819216,0.6858885360424118,-0.03465180553950975,True
19,semantic_span,0.1261614541890703,0.11675058737659744,-0.009410866812472857,True
20,directed_modularity,0.4795191446786772,0.506754344302581,0.02723519962390386,True
20,audience_participation,0.718953383918225,0.6870141331786126,-0.03193925073961246,True
20,semantic_span,0.12607171903198558,0.11724566148358857,-0.008826057548397007,True
21,directed_modularity,0.48075723791490965,0.50888418140222,0.028126943487310374,True
21,audience_participation,0.7181808054967763,0.6848715962763905,-0.03330920922038583,True
21,semantic_span,0.12602518060294138,0.11706629670174533,-0.00895888390119605,True
22,directed_modularity,0.47753380331451645,0.5060766567715368,0.028542853457020345,True
22,audience_participation,0.7216964622029337,0.6880050586771189,-0.03369140352581479,True
22,semantic_span,0.12617416546101842,0.11686571165261257,-0.00930845380840585,True
23,directed_modularity,0.4804003827627902,0.5092307971505227,0.028830414387732484,True
23,audience_participation,0.7182362929304165,0.684318829954323,-0.03391746297609344,True
23,semantic_span,0.12582131852256623,0.11661889070599797,-0.009202427816568257,True
24,directed_modularity,0.4811385935095215,0.508594538786731,0.027455945277209515,True
24,audience_participation,0.7172499026954906,0.6845424017956302,-0.03270750089986041,True
24,semantic_span,0.12566892030365726,0.11650019931704236,-0.009168720986614892,True
25,directed_modularity,0.4813791218924637,0.5086357913086849,0.02725666941622118,True
25,audience_participation,0.7170406903504938,0.6845722987766727,-0.03246839157382109,True
25,semantic_span,0.12570311872807982,0.11660318275950754,-0.009099935968572281,True
26,directed_modularity,0.4780001447721604,0.5068224719273848,0.028822327155224425,True
26,audience_participation,0.7209661534391612,0.6868147832834848,-0.034151370155676375,True
26,semantic_span,0.12602550478960575,0.11676555274345565,-0.0092599520461501,True
27,directed_modularity,0.4770100652816247,0.507198650082413,0.030188584800788343,True
27,audience_participation,0.7220356410175774,0.6865616609971896,-0.03547398002038782,True
27,semantic_span,0.12610208496863146,0.11682327581541933,-0.009278809153212123,True
28,directed_modularity,0.48282572504639376,0.5106224400739311,0.027796715027537333,True
28,audience_participation,0.716007225160213,0.682580941810307,-0.03342628334990594,True
28,semantic_span,0.12503514204666083,0.11583191195736654,-0.009203230089294287,True
29,directed_modularity,0.47836369362247244,0.5087523830202,0.030388689397727542,True
29,audience_participation,0.7210316122030496,0.6851408993207186,-0.03589071288233092,True
29,semantic_span,0.1259331119697119,0.11665427769766641,-0.009278834272045497,True
30,directed_modularity,0.48659436698131425,0.5156733350840472,0.02907896810273297,True
30,audience_participation,0.7129884738211594,0.6782144955852047,-0.03477397823595463,True
30,semantic_span,0.12574349900883336,0.11639373136348458,-0.009349767645348783,True
31,directed_modularity,0.48415198659593933,0.5124699171340126,0.028317930538073244,True
31,audience_participation,0.7146305704719803,0.6804558189992516,-0.03417475147272875,True
31,semantic_span,0.12470642617390791,0.11581480321332523,-0.008891622960582685,True
