source_macro,target_macro,raw_edges_broad,raw_edges_specialized,ipw_edges_broad,ipw_edges_specialized,rate_broad,rate_specialized,row_share_broad,row_share_specialized,row_share_difference,standardized_share_broad,standardized_share_specialized,standardized_share_difference,pooled_standardized_share,plot_edge,fraction,cumulative
8,10,19161,26812,47110.41074442864,53204.23344993591,0.3204530053793868,0.316547716154109,0.1463159019954661,0.1497274377289082,0.0034115357334421,0.0057880069228723,0.0059229614436967,0.0001349545208244,0.0058554841832845,True,0.0124821026667691,0.0124821026667691
8,0,18420,23656,42523.87835538387,48945.36881196499,0.2892546340403488,0.2912088702175773,0.1320710118972861,0.1377421341444167,0.0056711222471305,0.005224503425444,0.0054488433254766,0.0002243399000326,0.0053366733754603,True,0.011376156588667221,0.02385825925543632
18,24,3880,10123,9438.409566521645,22754.502464175224,0.0578984678022328,0.1253083537271915,0.0702832565805946,0.187055910374572,0.1167726537939773,0.0027927904973108,0.0074328936133014,0.0046401031159906,0.0051128420553061,True,0.010899016623678703,0.03475727587911502
5,7,40068,97231,137754.5574325323,217313.04831051824,1.0498888883868076,1.325406687520721,0.1291905581569086,0.1723938364812923,0.0432032783243836,0.0042159931550843,0.0056258850875239,0.0014098919324396,0.0049209391213041,True,0.010489938219692038,0.04524721409880706
30,9,25757,39565,77506.30552721024,92709.89612543584,0.7209795718075416,0.309673113464058,0.1035898457647542,0.1141004990216018,0.0105106532568476,0.0045277056112417,0.0049871053079737,0.000459399696732,0.0047574054596077,True,0.010141334433758463,0.05538854853256552
30,4,27973,43345,77687.0904211998,83890.75335288048,0.7226612700199806,0.2802150780805843,0.1038314709997281,0.1032465488679974,-0.0005849221317307,0.0045382665684874,0.004512700788382,-2.5565780105425533e-05,0.0045254836784347,True,0.009646948078565965,0.06503549661113149
29,7,65845,86650,228628.6986539364,177093.3645348549,1.955742958622844,1.3981825785368105,0.1496030991547109,0.1846853977774348,0.0350822986227239,0.0035732066041501,0.0044111324348032,0.000837925830653,0.0039921695194767,True,0.008510085288506929,0.07354558189963842
23,4,25759,51726,71513.86952900887,95326.73982810974,0.7042069932222578,0.6549036026475883,0.1209875144643265,0.1554415112726367,0.0344539968083101,0.0033914199770458,0.0043572053606213,0.0009657853835755,0.0038743126688335,True,0.008258850503532185,0.0818044324031706
18,28,5899,5338,13786.353259205818,10911.281217336656,0.0845702578027138,0.0600880941497853,0.1026602836630841,0.0896973970173711,-0.012962886645713,0.0040793309618019,0.0035642349289317,-0.0005150960328702,0.0038217829453668,True,0.008146873187763816,0.08995130559093442
19,7,28736,52199,113372.68130075932,82570.14401912689,1.820586137962481,0.7948559720952826,0.2154422192098585,0.1913815145362382,-0.0240607046736203,0.0039568849890947,0.0035149779130385,-0.0004419070760562,0.0037359314510666,True,0.007963864040713307,0.09791516963164773
8,28,12954,16573,29723.46598374844,32564.12533724308,0.2021840577119273,0.1937458513289203,0.0923153856466435,0.0916420129089238,-0.0006733727377196,0.0036518388221873,0.0036252013479658,-2.663747422146671e-05,0.0036385200850766,True,0.007756212780264446,0.10567138241191218
9,30,43149,57261,124479.7445936203,134296.0700532198,0.5819199952003489,0.7791861526040111,0.0856577840516599,0.0975361606634033,0.0118783766117433,0.0033461780089411,0.0038102007832889,0.0004640227743478,0.003578189396115,True,0.0076276061902705175,0.1132989886021827
16,31,35601,39120,99978.18255519868,76276.9066618681,0.6372169455929184,0.438026288134752,0.0953830820759422,0.0872244516163246,-0.0081586304596176,0.0036435550811425,0.0033319021253003,-0.0003116529558421,0.0034877286032214,True,0.007434771427359095,0.1207337600295418
31,16,56013,49381,129487.36853814124,94707.64720749856,0.6918195515517981,0.4026068574592997,0.0752698803144687,0.071160284967763,-0.0041095953467056,0.0035270241091095,0.0033344551584754,-0.0001925689506341,0.0034307396337925,True,0.007313288362078935,0.12804704839162073
15,31,27118,30289,100118.5234736204,55438.45146548748,0.6598318800232993,0.3365706540245101,0.1115794114005985,0.0790471108028893,-0.0325323005977092,0.0039863460039885,0.0028240795530334,-0.001162266450955,0.0034052127785109,True,0.007258872908392924,0.13530592130001365
30,27,18629,26861,57083.99905943871,64488.59682893753,0.5310070828300207,0.2154072585296145,0.0762947300607256,0.0793678063173439,0.0030730762566182,0.0033346905273765,0.003469008563166,0.0001343180357895,0.0034018495452713,True,0.00725170352303128,0.14255762482304493
27,9,26487,43321,80326.03259909153,130049.03630423546,0.5677090368655242,0.5210320039302347,0.0716820979805329,0.102277713445833,0.0305956154653,0.0027623377099349,0.0039413688033248,0.0011790310933898,0.0033518532566299,True,0.007145126716016608,0.14970275153906154
18,0,5822,4435,12059.961984992027,9390.062459349632,0.0739799767919524,0.0517107886682705,0.0898046854789948,0.0771920495547255,-0.0126126359242692,0.0035684981661616,0.0030673197707788,-0.0005011783953828,0.0033179089684702,True,0.007072767868055019,0.15677551940711656
30,7,19790,30308,62243.743926644325,50472.88525855541,0.5790040892631045,0.1685914468330716,0.0831909067181417,0.0621183027459049,-0.0210726039722368,0.0036361086588293,0.0027150671557341,-0.0009210415030952,0.0031755879072817,True,0.006769382863195879,0.16354490227031243
9,27,29622,49783,94377.76454269886,133812.54797422886,0.4411987546166743,0.7763807562265986,0.0649438203851458,0.0971849896487781,0.0322411692636323,0.0025369974952695,0.0037964824652221,0.0012594849699526,0.0031667399802458,True,0.006750521786947828,0.17029542405726025
0,12,27512,45596,72375.02077531815,76178.7518786192,0.4990297037737941,0.489096591310127,0.0863307230553635,0.0788012359466285,-0.0075294871087349,0.0032453436011671,0.0029622952037532,-0.0002830483974138,0.0031038194024602,True,0.006616394345529013,0.17691181840278927
7,29,55694,74194,209659.03023839,147626.81266999245,1.0158104923604176,0.6635909319882313,0.074661033985648,0.0568917369636824,-0.0177692970219655,0.0033642116695685,0.0025635306019474,-0.0008006810676211,0.002963871135758,True,0.00631806741331734,0.1832298858161066
28,0,20793,30789,51235.424421191216,55366.99156367779,0.3708978008715448,0.3856103379604211,0.0846126911969045,0.0831095081126224,-0.0015031830842821,0.0028809058738712,0.0028297252659062,-5.118060796499872e-05,0.0028553155698887,True,0.006086660124728308,0.1893165459408349
27,30,30373,36585,82563.69314932823,94625.24409925938,0.5835238365600036,0.3791091572573155,0.0736789624791171,0.0744184953288335,0.0007395328497164,0.0028392887794693,0.0028677873800412,2.849860057196072e-05,0.0028535380797553,True,0.00608287105901832,0.19539941699985322
4,23,27659,55752,79838.22146308422,100091.34965014458,0.3695049942419874,0.3729386055820817,0.0475011624341967,0.0581443463197583,0.0106431838855616,0.002564646845202,0.003139285581945,0.0005746387367429,0.0028519662135735,True,0.0060795203207282805,0.2014789373205815
9,4,41109,48235,111525.65878689288,93322.48670113088,0.5213620178757227,0.5414573139428198,0.0767437371258583,0.0677779852588589,-0.0089657518669994,0.0029979552744398,0.0026477127125627,-0.0003502425618771,0.0028228339935012,True,0.006017419331216361,0.20749635665179786
28,10,19763,29759,52592.63908958435,50417.212250709534,0.3807227987417569,0.351136980824735,0.0868540620242565,0.0756795627182857,-0.0111744993059708,0.0029572204112143,0.002576749346735,-0.0003804710644792,0.0027669848789746,True,0.00589836608821398,0.21339472274001184
20,21,15802,59465,46613.78468120098,150342.9713933468,0.4004971329606669,1.1105385074833185,0.0639082815802561,0.1294320615907548,0.0655237800104986,0.0018281568374532,0.0037025265354014,0.0018743696979482,0.0027653416864273,True,0.005894863303912177,0.219289586043924
31,15,52153,32867,125311.60743534564,58997.7185536623,0.6695094744675413,0.2508021977582983,0.0728425467299063,0.0443289912537715,-0.0285135554761347,0.0034132832071998,0.0020771843960871,-0.0013360988111127,0.0027452338016435,True,0.005851999439127186,0.2251415854830512
21,7,22136,45759,74130.75507426262,88306.43815815449,0.8994976292590185,0.776569713568858,0.1331811265877155,0.1026750368359912,-0.0305060897517242,0.003063573267524,0.002361839895427,-0.0007017333720969,0.0027127065814755,True,0.005782661347025325,0.2309242468300765
21,20,15900,51574,50526.47803795338,123894.89240849018,0.6130849087456028,1.0895357475294238,0.090774379147534,0.144054192504629,0.053279813357095,0.002088088368507,0.0033136870406429,0.0012255986721358,0.002700887704575,True,0.005757467113677537,0.23668171394375404
18,8,4211,4305,8951.18121266365,8393.73375093937,0.0549096406106006,0.0462240367422026,0.0666551034297707,0.0690016189409415,0.0023465155111708,0.0026486214286679,0.0027418630702796,9.324164161169172e-05,0.0026952422494738,True,0.005745432728822571,0.24242714667257662
31,4,39333,37569,93746.66841471197,78379.71699607372,0.5008656738826034,0.3331960245955726,0.0544941224083728,0.058892002510771,0.0043978801023982,0.0025535059008477,0.0027595834060241,0.0002060775051763,0.0026565446534359,True,0.00566294128121844,0.24809008795379506
12,0,34573,53300,95232.20495045184,92833.307828784,0.557929374370554,0.5874928906190713,0.0613234429276448,0.0733726006555177,0.0120491577278728,0.0024184004010121,0.0028935806337223,0.0004751802327101,0.0026559905173672,True,0.005661760032480613,0.25375184798627565
4,30,27748,41272,74481.64203751087,87743.68939125538,0.3447138251311072,0.326931440974478,0.0443141707311878,0.050971432408206,0.0066572616770182,0.0023925771989459,0.0027520110376714,0.0003594338387255,0.0025722941183086,True,0.005483344889823304,0.259235192876099
4,7,31686,35063,96250.39958119392,62348.130193948746,0.445463371945011,0.2323080347747888,0.0572658781856338,0.0362188269721378,-0.0210470512134959,0.0030918559946814,0.001955499519821,-0.0011363564748604,0.0025236777572512,True,0.005379709666670367,0.2646149025427693
4,9,29944,39266,80778.1742247343,76432.78042948246,0.373855256978512,0.2847871934364654,0.0480604039602903,0.0444007805970019,-0.0036596233632883,0.0025948409908208,0.0023972533733328,-0.000197587617488,0.0024960471820768,True,0.005320809725132948,0.26993571226790225
7,5,36542,74696,148608.52545022964,149435.5071492195,0.7200171594560395,0.6717211166982086,0.0529205260397365,0.0575887632605915,0.0046682372208549,0.0023845886101284,0.0025949384713121,0.0002103498611837,0.0024897635407203,True,0.005307414922230586,0.27524312719013283
18,12,5269,2944,10512.448375344276,5711.157263875008,0.064486993226213,0.0314511695318322,0.0782811024725288,0.0469492015027985,-0.0313319009697302,0.0031105946101628,0.0018655835001468,-0.001245011110016,0.0024880890551548,True,0.0053038454307780675,0.2805469726209109
24,12,31022,33346,77195.36946570873,67198.84311270714,0.5356618068579417,0.4225289640018862,0.0723527002383194,0.0682190672228435,-0.0041336330154758,0.0024383909744376,0.0022990815443351,-0.0001393094301024,0.0023687362593864,True,0.0050494217480021985,0.2855963943689131
18,10,4933,2682,9771.4938839674,5535.161275267601,0.0599417221760912,0.030481964969803,0.0727635738820443,0.0455024069651872,-0.027261166916857,0.0028913489154435,0.0018080933633378,-0.0010832555521057,0.0023497211393907,True,0.005008887323763667,0.29060528169267674
14,9,14971,25548,43934.571742773056,55792.55130887032,0.4762432841193125,0.3200492536793,0.0764475438748572,0.0878860865437923,0.011438542668935,0.0021704162864668,0.0024951670638461,0.0003247507773793,0.0023327916751565,True,0.004972798880169555,0.2955780805728463
14,30,16927,23036,50059.11375403404,46773.91311609745,0.5426322776947289,0.2683145981547428,0.087104440608949,0.0736796593752399,-0.0134247812337091,0.0024729754147591,0.0020918334924026,-0.0003811419223565,0.0022824044535809,True,0.004865388723620025,0.3004434692964663
