qwen_leaf,broader,middle,narrower,qwen_macro,total,angle
0,1668,2342,4009,11,8019,-2.0613074070795436
1,1809,2594,6378,21,10781,-0.06817683776677637
2,2706,2198,8249,2,13153,-1.9749495968618094
3,2094,970,3038,12,6102,0.745401264410588
4,2852,2962,8080,26,13894,-0.8208497331323166
5,3952,5438,11212,16,20602,-2.305471358413925
6,2963,4208,11898,7,19069,-0.581957343841472
7,1084,905,1946,18,3935,-4.085343183204059
8,4370,5011,8026,6,17407,-2.71726040950259
9,2553,5425,5397,14,13375,-1.52752690100485
10,2863,1085,7341,24,11289,0.4605131476267367
11,2866,3825,7972,8,14663,-3.7240972562024797
12,4965,2010,6247,12,13222,0.6435908507869393
13,0,4,30,6,34,-2.813980302445052
14,4534,10563,11653,1,26750,-0.6988582781463031
15,1303,6597,6269,19,14169,1.1268282327745407
16,2385,4858,7302,31,14545,-2.4834585408929377
17,3187,1262,5153,24,9602,0.5317804371632907
18,1855,3067,2350,18,7272,-4.248239845001904
19,2172,8464,6866,30,17502,-1.690242521440323
20,5455,13438,8403,20,27296,-0.017452672317316988
21,6527,2972,8112,12,17611,0.7963064712224123
22,1118,3269,2973,11,7360,-2.0307642829924504
23,3049,3457,5942,28,12448,-3.35794184988209
24,5604,3206,9167,24,17977,0.5775951232939326
25,2196,2569,5614,0,10379,-3.0934158158229796
26,3583,3979,8341,4,15903,-1.1919146187715393
27,4990,4178,6617,9,15785,-1.7511477282521473
28,3187,6429,8147,15,17763,-2.6105405165601283
29,1481,2369,5943,11,9793,-2.0358548036736326
30,2962,4026,9029,5,16017,0.22162075833589212
31,4100,6108,5972,0,16180,-3.2563124776208103
32,24,20906,116,30,21046,-1.6953330421215054
33,3148,1662,5659,5,10469,0.15035346879933809
34,450,435,947,18,1832,-3.9275370420874034
35,2840,5198,5721,20,13759,-0.012362151636134565
36,2641,2782,5467,6,10890,-2.76307509563323
37,5699,3076,10802,11,19577,-2.1376652172972768
38,8662,8131,15887,31,32680,-2.4987301029364843
39,4974,6712,8975,31,20661,-2.514001664980031
40,3430,12677,11574,27,27681,-1.3699018012505595
41,3779,5567,10363,13,19709,-0.871573898581776
42,2957,2574,11515,19,17046,1.060651463919169
43,2378,1488,6693,13,10559,-0.8868454606253233
44,2408,2817,7975,7,13200,-0.3630649545506275
45,1835,2800,5053,8,9688,-3.6935541321153864
46,4793,3430,8679,21,16902,-0.13435360662214782
47,3973,4682,7577,17,16232,-2.9359717574310604
48,2608,10657,7074,4,20339,-1.2580913876269109
49,1695,5124,5422,15,12241,-2.574906871791853
50,632,293,838,18,1763,-3.9529896454933144
51,2518,2293,4327,12,9138,0.6639529335116691
52,1608,1963,2847,11,6418,-2.091850531166637
53,3104,2686,5060,12,10850,0.8319401159906893
54,4221,1647,4245,12,10113,0.8064875125847771
55,1904,4187,6143,15,12234,-2.676717285415497
56,399,524,1281,18,2204,-4.1515199520594335
57,445,448,874,18,1767,-3.891903397319128
58,4121,3556,9788,4,17465,-1.1817335774091744
59,5357,7145,13004,4,25506,-1.0646516017419785
60,4152,14113,9590,30,27855,-1.608794190541404
61,2353,5070,11553,7,18976,-0.4139701613624518
62,4665,2262,4202,12,11129,0.7046770989611285
63,10986,3531,13247,12,27764,0.781034909178865
64,4455,3823,9963,6,18241,-2.7325319715461367
65,3949,4360,6163,3,14472,0.31815960991599346
66,1473,577,1347,18,3397,-3.94280860413095
67,2723,5941,8393,8,17057,-3.7648214216519373
68,5316,5015,10046,28,20377,-3.307036643070268
69,1702,9798,6613,8,18113,-3.830998190507306
70,748,1620,1771,22,4139,0.9997462571073447
71,4379,2301,9381,29,16061,-0.28688818569525587
72,14,5,50,26,69,-0.7852160883640396
73,8594,11736,16249,20,36579,0.007999931088595121
74,3225,3226,5456,13,11907,-0.8664833779005936
75,2927,4488,11370,26,18785,-0.7750350470016747
76,2860,3264,7509,10,13633,-3.566472156448196
77,4327,4273,8390,30,16990,-1.644427835309681
78,2650,3563,5887,8,12100,-3.637558404622382
79,2661,4503,9619,15,16783,-2.554544789067124
80,3913,1273,9033,24,14219,0.511418354438561
81,2535,7235,10153,17,19923,-2.9156096747063316
82,4608,7497,12827,23,24932,-1.0241084776548839
83,53,36,252,18,341,-3.98862329026159
84,1304,1631,3881,0,6816,-3.0476011296923398
85,2450,3192,7241,16,12883,-2.2952903170515606
86,2290,2614,4956,8,9860,-3.703735173477751
87,2531,1388,3831,20,7750,0.07926722062514902
88,3306,3461,5682,9,12449,-1.8631391832381607
89,5071,2624,8197,11,15892,-2.142755737978459
90,4934,3302,12440,5,20676,0.24198284106062184
91,2922,2118,8219,29,13259,-0.21053037547751943
92,1654,3640,4482,22,9776,0.9844746950637974
93,2434,806,9742,22,12982,0.897935843483696
94,5385,2368,10215,11,17968,-2.117303134572548
95,8945,6041,13372,28,28358,-3.31212716375145
96,3019,2827,11049,1,16895,-0.6428625506532963
97,4047,6277,14796,26,25120,-0.8004876504075868
98,1383,1131,2664,18,5178,-4.024256935029867
99,446,2216,877,0,3539,-3.2410409155772637
100,2020,3700,6156,8,11876,-3.657920487347111
101,6139,3488,10572,12,20199,0.7097676196423109
102,4134,5039,14392,13,23565,-0.8766644192629585
103,3003,6511,7610,27,17124,-1.3291776358011
104,5211,2354,8960,10,16525,-3.5104764289551915
105,5630,4212,11953,25,21795,-3.0274200883299756
106,2714,3466,6562,0,12742,-3.098506336504162
107,8751,7006,16057,26,31814,-0.8463023365382287
108,1820,10736,9401,27,21957,-1.4309880494247487
109,3606,6568,9552,21,19726,-0.0783578791291412
110,1981,2885,7429,29,12295,-0.22580193752106673
111,7280,9363,14019,3,30662,0.34870273400308804
112,1070,19443,3935,23,24448,-0.9324791053936003
113,494,505,1483,15,2482,-2.630902599284857
114,2987,6922,9742,27,19651,-1.4615311735118433
115,6117,1999,12111,23,20227,-0.9833843122054247
116,1492,1609,3009,3,6110,0.3894268994525475
117,403,2594,2392,8,5389,-3.785183504376666
118,3342,3302,10087,4,16731,-1.2530008669457284
119,6191,12296,11953,31,30440,-2.48854906157412
120,521,6675,3007,8,10203,-3.8411792318696705
121,4544,4470,10453,21,19467,-0.14453464798451268
122,1085,10496,6092,24,17673,0.42487950285845966
123,5920,4057,10457,28,20434,-3.3426702878385433
124,2948,2541,8088,0,13577,-3.103596857185344
125,5818,5556,13509,26,24883,-0.7953971297264044
126,5822,2365,6403,12,14590,0.6741339748740339
127,5628,5162,8422,9,19212,-1.842777100513431
128,4517,4715,8825,9,18057,-1.7664192902956946
129,2550,6817,5008,24,14375,0.5572330405692029
130,3144,3561,6445,30,13150,-1.6240657525849513
131,4978,2029,5161,12,12168,0.628319288743392
132,4618,5542,11081,1,21241,-0.6530435920156612
133,3446,2613,10032,3,16091,0.28252596514771644
134,3056,4075,6460,31,13591,-2.3358334411386537
135,504,436,1190,18,2130,-3.993713810942772
136,1290,3811,4924,8,10025,-3.67828257007184
137,3194,5594,12008,29,20796,-0.2207114168398843
138,3953,3718,11307,7,18978,-0.49032797158018826
139,2486,4551,7931,15,14968,-2.6156310372413105
140,3314,8185,8365,6,19864,-2.7732561369955944
141,1578,795,3056,5,5429,0.15544398948052052
142,3982,3186,11029,16,18197,-2.2138419861526453
143,3138,1869,12084,20,17091,0.002909410407412699
144,3134,2468,8677,22,14279,0.8928453228025136
145,198,401,346,6,945,-2.7223509301837723
146,549,1408,1540,18,3497,-4.075162141841694
147,4729,5187,12694,16,22610,-2.2494756309209207
148,2395,2267,5223,28,9885,-3.3681228912444543
149,4138,2889,6387,2,13414,-1.9545875141370797
150,4709,6340,7310,9,18359,-1.7766003316580594
151,3416,9790,8298,14,21504,-1.5580700250919446
152,1446,2353,3401,0,7200,-3.271584039664357
153,1665,4301,3783,11,9749,-2.0562168863983614
154,5738,8307,13896,31,27941,-2.5038206236176666
155,1994,2806,7748,11,12548,-2.040945324354815
156,2549,14084,4843,14,21476,-1.5173458596424851
157,2250,3027,5437,22,10714,0.9641126123390676
158,1920,3269,4959,18,10148,-4.171882034784164
159,3209,1694,7674,29,12577,-0.3225218304635329
160,7102,7562,10614,23,25278,-0.9782937915242422
161,1283,4873,4665,0,10821,-3.0832347744606152
162,173,571,512,18,1256,-4.2533303656830865
163,3614,7860,9776,29,21250,-0.17998725139042485
164,1326,4352,5751,19,11429,1.035198860513257
165,1196,3789,4749,28,9734,-3.3528513292009077
166,2440,4276,6556,16,13272,-2.1731178207031876
167,3961,10615,18607,27,33183,-1.400444925337654
168,3735,1764,8110,24,13609,0.47578470967028397
169,3172,5279,7717,8,16168,-3.8157266284637594
170,2955,6367,11151,30,20473,-1.6851520007591405
171,3934,6590,10376,31,20900,-2.468186978849391
172,192,234,364,18,790,-4.054800059116963
173,2590,3110,4783,3,10483,0.3232501305971759
174,3682,3604,8360,5,15646,0.25725440310416914
175,3124,12480,16108,7,31712,-0.33761235114471533
176,3914,4760,9953,31,18627,-2.3561955238633825
177,2590,2176,4488,4,9254,-1.095194725829073
178,1730,2671,7942,4,12343,-1.2631819083080933
179,2501,2093,8542,11,13136,-2.0816694898042725
180,961,862,2175,18,3998,-3.9326275627685856
181,2334,4901,5961,25,13196,-2.961243319474607
182,3147,11579,14964,15,29690,-2.5443637477047596
183,3075,3223,8483,4,14781,-1.2173672221774514
184,4435,7148,12401,25,23984,-3.0019674849240645
185,3508,5205,8586,14,17299,-1.4766216941930257
186,4082,2069,8612,22,14763,0.9284789675707906
187,44,309,241,18,594,-3.9988043316239543
188,3055,3508,9190,1,15753,-0.627590988609749
189,2713,4274,5434,9,12421,-1.8224150177887013
190,4285,2244,6148,20,12677,0.09453878266869627
191,1965,4825,5386,18,12176,-4.131157869334703
192,4305,5197,7825,12,17327,0.7352202230482231
193,2352,2290,8316,4,12958,-1.176643056727992
194,3225,2944,6507,4,12676,-1.1970051394527217
195,1765,2467,5400,8,9632,-3.6477394459847465
196,1097,5124,3726,22,9947,0.9793841743826149
197,2126,4560,6024,21,12710,-0.15980621002805998
198,2450,2848,6966,31,12264,-2.4325533340811156
199,4814,4845,11966,5,21625,0.10962930334987868
200,4848,1806,4537,24,11191,0.5266899164821083
201,5263,7411,10402,4,23076,-1.0850136844667082
202,1665,5862,8820,27,16347,-1.3953544046564716
203,4067,3627,7881,28,15575,-3.4241186187374586
204,2766,9163,6255,19,18184,1.0759230259627164
205,3475,2365,5626,31,11466,-2.340923961819836
206,2812,3374,7459,8,13645,-3.683373090753022
207,283,321,827,18,1431,-3.9784422488992255
208,2167,747,3574,5,6488,0.14526294811815565
209,137,218,568,18,923,-4.014075893667502
210,5178,7313,10758,31,23249,-2.4478248961246623
211,3317,5360,10970,16,19647,-2.1985704241090986
212,2957,2147,4551,0,9655,-3.2104977914901704
213,2975,1885,8898,7,13758,-0.5870478645226545
214,317,1832,1505,19,3654,1.1166471914121758
215,3064,3900,9638,4,16602,-1.247910346264546
216,3106,6089,7941,10,17136,-3.5613816357670136
217,2820,3370,9496,7,15686,-0.5005090129425531
218,5058,680,5233,24,10971,0.44015106490200695
219,3463,2818,6036,20,12317,0.0741766999439666
220,2433,7503,9594,14,19530,-1.4817122148742081
221,3338,3508,7139,14,13985,-1.5377079423672149
222,2958,3139,7449,4,13546,-1.1715525360468095
223,1723,5240,6557,18,13520,-4.192244117508895
224,2809,1875,5928,4,10612,-1.2377293049021811
225,321,7151,3823,8,11295,-3.8208171491449416
226,2217,1986,5901,20,10104,0.02327149313214238
227,1656,8776,8457,14,18889,-1.5784321078166743
228,231,3473,652,19,4356,1.070832505281534
229,3825,4897,10713,4,19435,-1.2886345117140054
230,2697,11333,10128,27,24158,-1.3851733632941068
231,6487,5614,13945,4,26046,-1.069742122423161
232,3766,3087,7296,4,14149,-1.1002852465102555
233,2259,8954,6765,17,17978,-2.8443423851697807
234,3564,2419,8329,24,14312,0.48596575103264883
235,2395,6366,7940,5,16701,0.23180179969825698
236,5238,1435,8547,28,15220,-3.4495712221433696
237,3151,2364,6544,18,12059,-4.044619017754598
238,3465,6505,9688,17,19658,-2.8392518644885985
239,3434,3532,6794,20,13760,-0.0072716309549521446
240,3569,1952,5308,28,10829,-3.363032370563272
241,4100,2653,9385,1,16138,-0.7039487988274855
242,5707,4891,14161,7,24759,-0.4445132854495464
243,1745,4107,4382,14,10234,-1.5733415871354919
244,2578,2659,5581,12,10818,0.8115780332659596
245,4736,3738,9211,6,17685,-2.6968983267778612
246,5391,4726,10734,0,20851,-3.2664935189831747
247,3037,4131,12034,29,19202,-0.28179766501407344
248,5653,5246,12291,13,23190,-0.907207543350053
249,3482,3654,7076,5,14212,0.19616815492997997
250,3734,3484,8663,25,15881,-2.9917864435617
251,3260,8690,3582,5,15532,0.14017242743697322
252,3922,5317,11171,8,20410,-3.612105801216471
253,2737,6209,8902,8,17848,-3.7444593389272085
254,4095,8171,7700,3,19966,0.3385216926407232
255,1842,3837,2593,20,8272,-0.03781475504204667
256,5441,5619,11380,10,22440,-3.546110073723467
257,822,1512,2233,18,4567,-4.161700993421799
258,367,510,794,18,1671,-4.090433703885242
259,5032,3388,12092,16,20512,-2.183298862065552
260,1611,2085,4614,22,8310,1.015017819150892
261,3026,4062,6724,1,13812,-0.6784961954215734
262,6324,2365,8956,12,17645,0.7861254298600474
263,7044,5085,12786,16,24915,-2.208751465471463
264,1542,1674,5959,7,9175,-0.5717763024791072
265,1769,5069,7181,27,14019,-1.4157164873812014
266,2864,3196,6905,5,12965,0.24707336174180428
267,3031,2984,10382,7,16397,-0.5310521370296477
268,6388,3171,8024,9,17583,-1.8733202246005256
269,2113,1971,8053,7,12137,-0.546323699073195
270,2590,2464,7901,26,12955,-0.7444919229145801
271,262,130,202,18,594,-4.12606734865352
272,1904,7665,12158,15,21727,-2.5952689545165817
273,14117,4727,17309,24,36153,0.6030477266998447
274,4899,3255,8874,5,17028,0.16053451016170295
275,5926,5857,11094,7,22877,-0.42415120272481666
276,2011,2233,5349,0,9593,-3.195226229446624
277,2228,1948,4566,28,8742,-3.383394453288001
278,2778,5391,7812,31,15981,-2.4020102099940224
279,5318,12557,13672,27,31547,-1.3139060737575528
280,3754,4997,8031,15,16782,-2.559635309748306
281,4972,2148,15698,2,22818,-1.969859076180627
282,7,14,44,4,65,-1.283543991032823
283,4779,8351,11208,3,24338,0.39960794081491235
284,4230,6172,10041,18,20443,-4.146429431378251
285,1932,1436,7214,16,10582,-2.2240230275150097
286,252,998,419,9,1669,-1.771509810976877
287,3504,4007,7327,5,14838,0.267435444466534
288,5229,5767,10423,30,21419,-1.6495183559908635
289,5993,8250,13141,23,27384,-1.0190179569737015
290,2542,6746,8568,11,17856,-2.066397927760726
291,2902,3247,4122,8,10271,-3.708825694158933
292,4335,14623,13115,25,32073,-2.966333840155789
293,2629,939,3089,12,6657,0.7250391816858582
294,4326,3267,6650,9,14243,-1.7867813730204243
295,2863,3856,7803,1,14522,-0.6937677574651206
296,3528,2770,11408,29,17706,-0.20034933411515457
297,4011,4228,7079,9,15318,-1.878410745281708
298,2604,4672,7050,11,14326,-2.0154927209489037
299,1765,4125,3830,15,9720,-2.6410836406472216
300,5721,1922,6524,9,14167,-1.8682297039193432
301,2809,8746,11901,7,23456,-0.37324599591299235
302,797,848,2169,28,3814,-3.4444807014621874
303,3025,3932,10706,17,17663,-2.8697949885756917
304,2458,240,2862,18,5560,-3.89699391800031
305,2793,4004,8747,26,15544,-0.8310307744946814
306,2728,4534,4376,8,11638,-3.759730900970755
307,4895,15057,15078,18,35030,-4.217696720914808
308,2472,3530,5535,11,11537,-2.1071220932101835
309,5932,12655,11141,6,29728,-2.7579845749520477
310,1380,646,2905,18,4931,-4.02934745571105
311,2942,4064,12028,4,19034,-1.2937250323951879
312,528,2866,2098,27,5492,-1.3189965944387352
313,1520,2177,2732,6,6429,-2.742713012908501
314,12013,2312,10317,12,24642,0.7759443884976825
315,1037,4651,3804,22,9492,0.9742936537014325
316,618,1080,1553,18,3251,-4.207515679552443
317,3166,3736,7492,10,14394,-3.5308385116799204
318,55,11022,93,30,11170,-1.7106046041650527
319,3494,8131,9919,21,21544,-0.09362944117268845
320,3577,9244,11139,16,23960,-2.280018755008014
321,2761,5166,6507,31,14434,-2.371467085906929
322,3010,2411,9771,26,15192,-0.7394014022333977
323,5273,4217,9845,22,19335,0.9692031330202501
324,2395,1629,8143,7,12167,-0.5768668231602896
325,2762,3665,9342,5,15769,0.2165302376547097
326,3669,2171,7048,5,12888,0.12490086539342593
327,4743,4525,8923,16,18191,-2.234204068877374
328,3916,2553,6992,0,13461,-3.1595925846783484
329,6703,9918,7881,20,24502,-0.04799579640441152
330,2517,3708,8340,27,14565,-1.4208070080623838
331,4175,6133,8465,28,18773,-3.3783039326068187
332,2865,3761,6751,10,13377,-3.4850238255492805
333,6881,9260,9323,5,25464,0.16562503084288538
334,3236,5329,9448,31,18013,-2.3511050031822003
335,1029,3680,3019,8,7728,-3.810636107782577
336,1699,1607,4675,26,7981,-0.7241298401898504
337,8689,6622,18300,5,33611,0.12999138607460836
338,3882,3561,9710,21,17153,-0.09871996185387087
339,2518,4597,6527,18,13642,-4.227877762277173
340,5043,3987,9588,12,18618,0.6843150162363988
341,3605,2062,10074,7,15741,-0.5615952611167423
342,3123,4900,9826,16,17849,-2.2698377136456496
343,2112,2225,6086,7,10423,-0.4648753681742761
344,2055,2093,4004,8,8152,-3.6222868425788355
345,3359,1394,5992,24,10745,0.4808752303514664
346,9275,5059,14372,28,28706,-3.332489246476179
347,3673,7184,5104,23,15961,-0.9579317087995125
348,1371,2934,3694,0,7999,-3.0883252951417974
349,2583,3380,11400,4,17363,-1.2428198255833636
350,2547,4619,6452,13,13618,-0.9021170226688706
351,5800,2051,7335,12,15186,0.8268495953095069
352,1294,1588,2410,16,5292,-2.203660944790281
353,2290,4144,5367,31,11801,-2.39691968931284
354,7077,3562,8986,28,19625,-3.3477608085197255
355,2125,2826,6222,8,11173,-3.6731920493906576
356,5843,2633,6053,12,14529,0.7606728264541353
357,3663,4325,9200,31,17188,-2.4732774995305733
358,7805,11467,12566,20,31838,-0.0021811102737697226
359,1375,2187,3543,18,7105,-4.182063076146529
360,2856,2974,5931,31,11761,-2.417281772037569
361,3708,3171,10513,1,17392,-0.6683151540592085
362,3402,1561,4803,22,9766,0.9030263641648785
363,3393,6070,13866,7,23329,-0.5361426577108301
364,908,917,1703,18,3528,-3.917356000725039
365,5428,6355,13981,27,25764,-1.3597207598881946
366,1768,5490,6024,22,13282,0.9946557364261622
367,4889,3387,6450,12,14726,0.6792244955552164
368,2607,3492,7328,18,13427,-4.1209768279723376
369,6472,3518,9491,18,19481,-4.212606200233625
370,1388,2330,6858,7,10576,-0.4954184922613707
371,2474,3229,5502,0,11205,-3.052691650373522
372,8925,6779,13213,26,28917,-0.8361212951758639
373,4816,7520,15448,30,27784,-1.6393373146284986
374,398,694,1127,18,2219,-3.922446521406221
375,2369,10712,10720,19,23801,1.096285108687446
376,3419,2692,6621,5,12732,0.17580607220525024
377,3980,3828,11464,5,19272,0.22671127901707455
378,2404,7653,12777,7,22834,-0.38851755795653964
379,3372,3061,7162,20,13595,0.043633575856872074
380,3736,2323,5969,0,12028,-3.2308598742148993
381,8285,10990,12283,1,31558,-0.7090393195086679
382,718,10330,7238,24,18286,0.4299700235396421
383,4280,7050,8461,10,19791,-3.5562911150858314
384,3811,5582,7707,4,17100,-1.0799231637855258
385,6088,3797,13780,5,23665,0.11981034471224351
386,1750,3167,2792,9,7709,-1.8325960591510662
387,2354,3135,5149,10,10638,-3.571562677129378
388,3659,10682,12823,15,27164,-2.6614457233719504
389,7679,1961,8807,20,18447,0.05381461721923692
390,258,313,797,16,1368,-2.3207429204574717
391,1931,8075,7024,22,17030,0.9590220916578852
392,5870,3800,7943,12,17613,0.6385003301057569
393,2508,8243,5001,25,15752,-2.9714243608369713
394,370,6929,2318,8,9617,-3.8462697525508527
395,4432,3118,7141,5,14691,0.26234492378535157
396,398,3896,1961,8,6255,-3.805545587101395
397,4402,4886,12485,5,21773,0.1707155515240678
398,4202,5145,10052,13,19399,-0.8919359813065058
399,2240,2804,4124,6,9168,-2.737622492227319
400,4400,8259,10489,27,23148,-1.3240871151199176
401,7497,7083,15025,0,29605,-3.1901357087654416
402,4052,11051,8239,9,23342,-1.7307856455274175
403,4875,10096,10528,15,25499,-2.5647258304294884
404,381,9250,3870,8,13501,-3.8360887111884883
405,4822,7760,8557,21,21139,-0.10381048253505329
406,3209,3772,12083,7,19064,-0.4190606820436342
407,134,135,250,7,519,-0.45469432681191124
408,3632,3015,6696,24,13343,0.45542262694555424
409,4399,3527,7725,24,15651,0.4452415855831894
410,3725,4657,5018,4,13400,-1.0901042051478906
411,10080,3978,15449,24,29507,0.5928666853374799
412,2699,3110,8210,29,14019,-0.205439854796337
413,2478,14968,8809,14,26255,-1.5071648182801203
414,1745,6158,7838,27,15741,-1.4411690907871135
415,2536,3130,9281,27,14947,-1.374992321931742
416,2676,4106,6825,11,13607,-2.025673762311268
417,3831,3645,11975,23,19451,-1.013927436292519
418,2000,1600,4179,24,7779,0.5215993958009258
419,6243,9314,11457,9,27014,-1.7918718937016067
420,4134,5611,6973,24,16718,0.547051999206838
421,2137,1011,3817,18,6965,-4.064981100479328
422,3128,2788,7176,29,13092,-0.1901682927527897
423,5031,7044,8920,30,20995,-1.6698804387155932
424,4457,4293,8453,1,17203,-0.6377720299721139
425,163,22517,555,30,23235,-1.7004235628026878
426,4622,3182,8233,0,16037,-3.251221956939628
427,5431,3411,8709,28,17551,-3.429209139418641
428,1641,2296,4543,16,8480,-2.1883893827467342
429,5386,7388,7312,9,20086,-1.8122339764263364
430,5640,5265,15719,29,26624,-0.3072502684199856
431,3460,3392,7257,0,14109,-3.174864146721895
432,4203,4922,12539,16,21664,-2.285109275689196
433,4157,2809,8120,0,15086,-3.073053733098251
434,8487,6204,15976,5,30667,0.1859871135676151
435,3871,1843,4616,23,10330,-0.9477506674371476
436,4894,9877,16862,21,31633,-0.06308631708559395
437,2923,11046,10181,17,24150,-2.8952475919816028
438,2317,16480,7316,25,26113,-2.9561527987934246
439,4382,6619,12900,26,23901,-0.8157592124511341
440,7202,5980,12105,26,25287,-0.8412118158570463
441,4951,5537,8813,22,19301,0.9132074055272433
442,3780,2642,6692,18,13114,-4.232968282958356
443,2819,4634,8684,7,16137,-0.5565047404355599
444,3006,2546,4902,24,10454,0.4961467923950137
445,5054,3801,9264,24,18119,0.5368709578444731
446,3134,10502,8422,15,22058,-2.671626764734315
447,1710,1447,5578,6,8735,-2.7478035335896833
448,4827,2908,7875,16,15610,-2.259656672283285
449,3197,7085,9973,15,20255,-2.549454268385942
450,653,6795,3198,23,10646,-0.9273885847124179
451,4800,8213,11642,16,24655,-2.254566151602103
452,3160,6052,9765,29,18977,-0.2919787063764383
453,3842,1882,5404,28,11128,-3.434299660099823
454,4264,3001,11266,6,18531,-2.7274414508649545
455,5723,2394,7848,3,15965,0.3537932546842705
456,445,605,473,23,1523,-1.0037463949301542
457,1035,2327,2301,8,5663,-3.6986446527965686
458,3121,4437,8053,11,15611,-2.096941051847819
459,6627,1987,7327,12,15941,0.6944960575987636
460,4048,2412,9422,0,15882,-3.0628726917358864
461,3828,1009,4832,22,9669,0.9182979262084258
462,1819,5765,7386,15,14970,-2.6359931199660394
463,4490,983,6309,23,11782,-1.0291989983360663
464,6385,3793,10964,10,21142,-3.474842784186916
465,3218,2718,7982,21,13918,-0.11399152389741812
466,5576,3410,7465,28,16451,-3.317217684432632
467,3288,3618,10280,30,17186,-1.6749709593967756
468,591,1972,1892,14,4455,-1.5529795044107622
469,1722,5246,6949,16,13917,-2.2443851102397385
470,1125,1750,2623,18,5498,-4.110795786609972
471,1857,4443,5174,2,11474,-1.9138633486876202
472,3609,10597,7122,4,21328,-1.0544705603796136
473,2576,3064,8210,6,13850,-2.7528940542708655
474,1512,2509,2865,3,6886,0.313069089234811
475,4920,3222,9720,3,17862,0.3741553374090002
476,1686,6877,5201,2,13764,-1.924044390049985
477,515,5097,3696,24,9308,0.5012373130761961
478,3167,5897,7247,4,16311,-1.212276701496269
479,3398,2160,3759,9,9317,-1.8376865798322486
480,4166,2864,7932,3,14962,0.36906481672781777
481,2112,3468,6278,8,11858,-3.6426489253035643
482,2496,14419,18152,7,35067,-0.3528839131882626
483,3218,3411,7558,12,14187,0.852302198715419
484,4417,1759,10129,28,16305,-3.454661742824552
485,3173,3750,5315,22,12238,0.9488410502955203
486,5125,2436,6809,12,14370,0.6588624128304866
487,5579,6834,10565,30,22978,-1.6037036698602216
488,6398,2408,5768,12,14574,0.7199486610046758
489,3221,1809,5025,2,10055,-1.9494969934558972
490,4067,4093,9706,10,17866,-3.4901143462304627
491,4747,2785,5562,23,13094,-0.9630222294806949
492,1860,3601,4189,8,9650,-3.734278297564844
493,3409,2239,6809,0,12457,-3.1697736260407128
494,4888,5917,17396,26,28201,-0.7597634849581274
495,2102,2167,5115,10,9384,-3.5155669496363737
496,3293,5938,10975,11,20206,-2.0765789691230903
497,1253,855,2124,18,4232,-3.9122654800438568
498,1631,2030,5262,10,8923,-3.551200594404649
499,3108,3457,10391,11,16956,-1.9951306382241742
500,4155,3275,9079,4,16509,-1.2733629496704582
501,3463,3746,7907,28,15116,-3.3273987257949966
502,530,244,480,18,1254,-3.937718083449768
503,1808,4259,5567,8,11634,-3.6681015287094754
504,4644,1796,6881,22,13321,0.9233884468896082
505,1868,2895,4148,12,8911,0.8624832400777839
506,5661,5152,13055,30,23868,-1.618975231903769
507,1272,2822,4424,15,8518,-2.529092185661213
508,3351,3211,9668,0,16230,-3.0679632124170686
509,2697,2145,5554,16,10396,-2.2189325068338275
510,1773,2337,4650,18,8760,-4.176972555465347
511,5616,6422,17735,29,29773,-0.26652610297052615
512,10185,4081,10850,12,25116,0.8370306366718717
513,2233,17280,10104,27,29617,-1.4564406528306608
514,2659,5987,6661,25,15307,-2.9765148815181535
515,1306,3997,3659,18,8962,-4.20242515887126
516,2387,5031,3830,2,11248,-1.9291349107311675
517,5065,2668,14088,13,21821,-0.8817549399441409
518,1996,8635,9119,5,19750,0.23689232037943941
519,2955,1701,4883,12,9539,0.6894055369175812
520,2521,2883,9639,7,15043,-0.48523745089900583
521,6579,8119,12381,28,27079,-3.408847056693912
522,3552,4136,6178,14,13866,-1.5427984630483973
523,419,299,806,18,1524,-3.9020844386814924
524,3483,2512,5914,26,11909,-0.7495824435957625
525,2369,3133,5188,0,10690,-3.276674560345539
526,3005,2070,5347,29,10422,-0.2716166236517086
527,6932,8107,16028,4,31067,-1.059561081060796
528,4394,4623,6899,3,15916,0.33343117195954075
529,2620,2086,6191,16,10897,-2.2901997963703784
530,0,0,0,9,0,-1.7409666868897824
531,2001,6880,5859,19,14740,1.0861040673250812
532,2015,3179,5978,8,11172,-3.6171963218976533
533,5095,3741,9924,9,18760,-1.8835012659628905
534,5130,6075,17804,1,29009,-0.6326815092909315
535,931,671,1838,22,3440,1.0201083398320745
536,3477,7171,9364,21,20012,-0.12417256525978296
537,2107,2683,7563,11,12353,-2.0104022002677215
538,3667,3483,9409,2,16559,-1.9393159520935324
539,2546,8348,12830,27,23724,-1.3902638839752892
540,2685,1924,8691,29,13300,-0.24107349956461402
541,4831,1819,6479,9,13129,-1.8020529350639716
542,1811,8767,16015,15,26593,-2.605449995878946
543,3303,3375,10790,7,17468,-0.3834270372753572
544,2898,5454,8018,25,16370,-2.9968769642428823
545,3167,4367,8201,15,15735,-2.579997392473035
546,3814,13153,9479,30,26446,-1.6342467939473162
547,3971,4245,6663,9,14879,-1.7969624143827891
548,3937,5971,7966,4,17874,-1.1868240980903568
549,3582,1398,3748,0,8728,-3.154502063997166
550,4213,3548,9621,7,17382,-0.4801469302178234
551,3032,3892,9774,26,16698,-0.7648540056393098
552,2970,2759,7713,0,13442,-3.1850451880842594
553,1620,5738,6854,15,14212,-2.534182706342395
554,3726,930,8440,29,13096,-0.31743130978235046
555,2268,7224,8617,17,18109,-2.8596139472133273
556,531,380,1233,18,2144,-4.080252662522876
557,2618,4810,5117,14,12545,-1.5478889837295797
558,5031,11124,7976,31,24131,-2.4071007306752046
559,3602,4335,8751,16,16688,-2.3156523997762894
560,644,6901,5712,0,13257,-3.1188684192288907
561,2776,2211,5182,28,10169,-3.4037565360127298
562,2261,2442,4403,0,9106,-3.2614029983019925
563,1646,4863,5032,6,11541,-2.7070793681402257
564,3881,3886,9851,21,17618,-0.07326735844795879
565,2519,5187,7705,31,15411,-2.44273437544348
566,2090,11253,9871,31,23214,-2.4783680202117555
567,5422,5993,12225,26,23640,-0.7801255676828571
568,3259,5659,5874,15,14792,-2.6207215579224927
569,6963,3396,11797,3,22156,0.3945174201337299
570,1450,4458,2299,23,8207,-0.9528411881183301
571,85,11486,1576,8,13147,-3.8615413145943993
572,5002,5125,8924,8,19051,-3.6324678839412
573,1718,2589,4590,8,8897,-3.5968342391729244
574,3433,2901,6009,8,12343,-3.7750024630143018
575,1144,2113,2906,8,6163,-3.7902740250578484
576,5981,856,8433,22,15270,0.8826642814401487
577,2775,2666,10848,4,16289,-1.1613714946844447
578,276,846,710,17,1832,-2.829070823126234
579,4652,6330,14202,21,25184,-0.1496251686656951
580,2943,2549,5397,17,10889,-2.9105191540251494
581,2136,2909,5595,27,10640,-1.4513501321494784
582,4036,4837,5600,9,14473,-1.8478676211946135
583,1882,2370,8278,7,12530,-0.40378912000008693
584,4083,1612,6495,7,12190,-0.40887964068126936
585,3448,2033,6030,29,11511,-0.312340789101168
586,2475,1729,7287,20,11491,0.03854305517568965
587,5371,2570,6692,12,14633,0.6537718921493042
588,73,9526,181,30,9780,-1.7055140834838702
589,3017,3044,9724,7,15785,-0.4496038061307288
590,1809,3406,3397,30,8612,-1.680061480077958
591,3,6,19,25,28,-3.0325106090111578
592,4123,5438,10752,4,20313,-1.2326387842209987
593,2202,2688,5982,7,10872,-0.4343322440871815
594,5133,7775,9184,3,22092,0.3588837753654529
595,6493,4564,13974,25,25031,-3.017239046967611
596,587,692,1742,18,3021,-4.115886307291155
597,2743,7184,10640,15,20567,-2.625812078603675
598,5019,5260,11823,20,22102,-0.042905275723229094
599,3369,4142,8198,3,15709,0.36397429604663534
600,4990,3507,9292,26,17789,-0.7292203608710328
601,1562,4087,3232,3,8881,0.29779752719126373
602,0,0,1,4,1,-1.1104662878726204
603,1845,2604,8243,7,12692,-0.5921383852038369
604,3287,5616,8605,16,17508,-2.17820834138437
605,1569,7316,5082,24,13967,0.4197889821772772
606,4950,15847,16928,7,37725,-0.35797443386944505
607,4704,8895,10462,23,24061,-0.9935653535677895
608,3985,2695,6811,4,13491,-1.1257378499161677
609,3837,4434,7811,14,16082,-1.5224363803236676
610,5696,4270,8113,9,18079,-1.7460572075709648
611,2794,1555,3985,12,8334,0.7708538678165001
612,2900,2914,6341,26,12155,-0.8055781710887693
613,4657,8266,10490,16,23413,-2.1934799034279164
614,4603,1491,6434,24,12528,0.5063278337573786
615,3774,2881,7981,3,14636,0.2927070065100813
616,777,4735,3941,19,9453,1.1115566707309934
617,2950,3776,5600,30,12326,-1.6647899180344108
618,3367,5949,9339,11,18655,-2.1122126138913657
619,1637,1944,6399,4,9980,-1.2275482635398163
620,1632,1600,3594,0,6826,-3.1392305019536195
621,4808,3434,9578,29,17820,-0.30215974773880316
622,2089,3580,5856,8,11525,-3.729187776883662
623,149,83,291,18,523,-3.8817223559567635
624,2140,204,6475,22,8819,0.8775737607589663
625,2595,2135,6277,12,11007,0.7403107437294055
626,352,70,412,18,834,-3.9733517282180433
627,1977,3268,4840,3,10085,0.30288804787244616
628,1687,3685,4619,27,9991,-1.3800828426129244
629,4670,2778,8885,6,16333,-2.783437178357959
630,2992,2411,6630,11,12033,-2.046035845035997
631,2780,949,6520,9,10249,-1.8275055384698837
632,4915,2686,12447,29,20048,-0.29706922705762073
633,2979,1960,3244,28,8183,-3.3019461223890856
634,3933,4216,10117,7,18266,-0.5666857817979247
635,2008,2830,4540,8,9378,-3.7190067355212975
636,2378,7875,4102,15,14355,-2.5901784338353995
637,3512,1975,6783,11,12270,-2.12239365525373
638,4452,9620,14632,26,28704,-0.7343108815522152
639,6734,3554,7931,24,18219,0.5521425198880204
640,5567,3755,9504,16,18826,-2.229113548196192
641,2016,3287,5264,18,10567,-4.187153596827712
642,3558,1727,6495,20,11780,0.058905137900419346
643,3898,3482,5986,12,13366,0.6486813714681218
644,6636,8103,13046,17,27785,-2.874885509256874
645,3095,6103,13752,7,22950,-0.43942276476836395
646,1823,2433,4506,30,8762,-1.5986131491790392
647,1139,1396,2538,1,5073,-0.6886772367839382
648,4128,10429,11026,31,25583,-2.3867386479504757
649,5302,4400,10496,28,20198,-3.2968556017079034
650,7413,7042,11819,2,26274,-1.959678034818262
651,3056,2678,10465,7,16199,-0.46996588885545854
652,123,227,590,15,940,-2.600359475197764
653,2481,2070,8032,21,12583,-0.11908204457860054
654,2102,3058,6152,18,11312,-4.156610472740616
655,5365,7538,9091,12,21994,0.6334098094245745
656,73,336,561,6,970,-2.691807806096679
657,4521,4298,7813,28,16632,-3.388484973969183
658,2266,2882,4140,16,9288,-2.2392945895585563
659,5129,4790,6327,21,16246,-0.1648967307092424
660,3135,4837,9072,17,17044,-2.905428633343967
661,4392,4749,10849,10,19990,-3.520657470317556
662,3955,11587,14737,7,30279,-0.39360807863772207
663,4305,2473,6364,0,13142,-3.1137778985477085
664,2058,1364,3409,0,6831,-3.2054072708089882
665,3092,8688,9544,18,21324,-4.263511407045452
666,3318,3530,6231,7,13079,-0.5208710956672828
667,2468,4573,7604,8,14645,-3.7393688182460263
668,2439,2302,4446,0,9187,-3.225769353533717
669,2187,2352,6065,22,10604,1.0048367777885272
670,3177,6253,8593,6,18023,-2.788527699039141
671,3620,1533,4617,12,9770,0.7148581403234934
672,3763,5025,6485,12,15273,0.8013969919035947
673,3229,3501,8587,7,15317,-0.4292417234059991
674,4164,8921,9467,31,22552,-2.5089111442988488
675,2701,3664,7504,13,13869,-0.8613928572194112
676,2926,5781,7383,29,16090,-0.25125454092697885
677,687,2063,3203,19,5953,1.0657419846003515
678,401,287,518,18,1206,-4.10570526592879
679,7470,2275,8457,24,18202,0.6132287680622096
680,5036,4705,10586,6,20327,-2.712169888821408
681,2784,5605,7377,25,15766,-2.986695922880518
682,5007,5073,13033,10,23113,-3.4799333048680983
683,4644,1730,4775,24,11149,0.5674140819315677
684,2610,1726,4891,10,9227,-3.525747990998738
685,6624,1383,8351,9,16358,-1.8987728280064378
686,1975,6584,11034,27,19593,-1.410625966700019
687,1435,7154,6830,22,15419,0.9335694882519731
688,7615,3225,12848,24,23688,0.582685643975115
689,1107,7879,6167,24,15153,0.4146984614960948
690,2835,5973,10615,29,19423,-0.21562089615870186
691,238,275,470,18,983,-4.0344379763922324
692,2968,2586,5643,18,11197,-4.070071621160511
693,6152,2103,7597,1,15852,-0.6835867161027558
694,4212,2315,6539,28,13066,-3.4190280980562764
695,3864,5782,7078,20,16724,0.028362013813324802
696,2296,3653,3680,20,9629,0.013090451769777542
697,2876,6145,10840,16,19861,-2.3105618790951072
698,2054,7238,7879,15,17171,-2.651264682009586
699,2614,4352,5421,17,12387,-2.8901570713004205
700,2399,2843,5436,31,10678,-2.4274628133999334
701,4586,2484,12916,1,19986,-0.6479530713344788
702,931,1824,2172,18,4927,-3.968261207536861
703,512,5429,3034,18,8975,-4.258420886364269
704,2391,2451,7848,7,12690,-0.3681554752318099
705,1878,4662,7010,21,13550,-0.08853892049150604
706,2182,3971,7429,8,13582,-3.5917437184917422
707,3107,2769,5849,12,11725,0.8472116780342366
708,788,781,1585,18,3154,-4.095524224566424
709,3319,6446,8409,6,18174,-2.7019888474590434
710,4534,2057,7553,20,14144,0.08944826198751385
711,2152,4448,6278,31,12878,-2.4529154168058445
712,3345,3746,7194,8,14285,-3.7953645457390306
713,3454,6906,8884,11,19244,-2.051126365717179
714,786,1036,1611,18,3433,-4.0038948523051365
715,3883,1411,6940,22,12234,0.9081168848460609
716,4960,3003,9535,24,17498,0.4656036683079191
717,2871,14320,17392,7,34583,-0.3477933925070802
718,4796,3268,6992,9,15056,-1.888591786644073
719,3865,5531,10479,25,19875,-3.012148526286429
720,1347,139,1302,18,2788,-4.100614745247607
721,2079,4385,7143,8,13607,-3.754640380289573
722,3122,6336,8119,20,17577,0.0487240965380545
723,3103,5292,9280,11,17675,-2.0002211589053567
724,434,1427,1743,31,3604,-2.463096458168209
725,2555,3609,6414,8,12578,-3.607015280535289
726,2627,11345,9981,19,23953,1.0504704225568042
727,3681,2654,7356,31,13691,-2.4580059374870267
728,688,6281,3288,8,10257,-3.851360273232035
729,1807,923,3995,7,6725,-0.510690054304918
730,6445,4808,11042,28,22295,-3.3732134119256365
731,1498,5892,5528,0,12918,-3.1086873778665263
732,1430,5556,7828,22,14814,1.0099272984697096
733,2659,8528,12309,7,23496,-0.3986985993189045
734,2626,4205,7333,6,14164,-2.793618219720323
735,6411,2980,6833,0,16224,-3.220678832852535
736,1367,9141,7522,14,18030,-1.5326174216860324
737,6816,3890,10817,28,21523,-3.3223082051138144
738,4817,3674,6674,9,15165,-1.807143455745154
739,4041,2663,8630,4,15334,-1.1511904533220798
740,1810,1781,3459,8,7050,-3.6528299666659287
741,2616,10155,9636,19,22407,1.106466150049811
742,2111,6198,8012,27,16321,-1.4258975287435662
743,3858,8778,13463,7,26099,-0.5259616163484653
744,2504,3631,5377,17,11512,-2.920700195387514
745,4480,2921,8076,23,15477,-0.9681127501618774
746,4536,2563,4844,24,11943,0.6081382473810272
747,4844,1564,7420,11,13828,-2.1020315725290013
748,2187,1880,3638,11,7705,-2.1325746966160946
749,5355,5994,7968,31,19317,-2.437643854762298
750,1398,5287,6650,14,13335,-1.4868027355553906
751,4709,4169,11891,11,20769,-2.0053116795865393
752,2298,3915,6280,18,12493,-4.04970953843578
753,1149,1970,2152,9,5271,-1.8173244971075189
754,4050,1842,6752,24,12644,0.49105627171383126
755,1349,630,2315,3,4294,0.37924585809018263
756,2580,3525,5319,20,11424,-0.032724234360864246
757,443,505,572,18,1520,-3.9071749593626746
758,1170,3541,3400,19,8111,1.0555609432379867
759,3740,1510,5362,9,10612,-1.8580486625569783
760,3851,2831,8489,4,15171,-1.1206473292349852
761,3227,10080,7844,17,21151,-2.900338112662785
762,5200,3650,16372,26,25222,-0.7699445263204923
763,3558,3865,9412,15,16835,-2.5392732270235774
764,2922,891,2836,12,6649,0.7657633471353177
765,4615,6535,11745,27,22895,-1.446259611468296
766,1745,5607,11542,22,18894,0.9539315709767028
767,5090,7811,13055,18,25956,-4.197334638190077
768,3607,4877,10569,26,19053,-0.754672964276945
769,6664,9424,10256,31,26344,-2.3816481272692935
770,2544,3366,5203,0,11113,-3.2155883121713527
771,5231,1984,6660,24,13875,0.5623235612503853
772,1335,1633,3414,18,6382,-4.008985372986319
773,847,4975,4962,19,10784,1.1319187534557231
774,2116,3624,5792,16,11532,-2.2647471929644674
775,3847,3881,7972,8,15700,-3.7495498596083907
776,1591,1445,9270,7,12306,-0.5055995336237356
777,3439,1960,4841,24,10240,0.5979572060186623
778,4755,2801,8244,0,15800,-3.1646831053595306
779,2775,2895,9565,29,15235,-0.23089245820224916
780,2588,7162,5353,24,15103,0.4350605442208245
781,7407,1406,4855,3,13668,0.3436122133219056
782,2277,4270,7443,27,13990,-1.3342681564822825
783,1412,3030,4422,8,8864,-3.6273773632600177
784,3660,2773,7445,4,13878,-1.1562809740032622
785,11322,2228,9420,12,22970,0.7555823057729528
786,1646,2580,3889,28,8115,-3.3935754946503653
787,5356,12529,25717,7,43602,-0.34270287182589776
788,5619,4030,9299,31,18948,-2.366376565225747
789,2754,2706,4251,20,9711,0.033452534494507226
790,3394,11727,7690,11,22811,-2.1274841759349123
791,2991,1236,2827,18,7054,-3.963170686855679
792,3919,3407,11789,5,19115,0.2012586756111624
793,4750,6853,11438,9,23041,-1.725695124846235
794,5006,4441,8798,0,18245,-3.200316750127806
795,3899,4426,10751,6,19076,-2.80888978176387
796,3037,3858,6837,17,13732,-2.925790716068696
797,2575,2358,7660,5,12593,0.21143971697352726
798,2686,4182,9457,4,16325,-1.2784534703516406
799,3252,2547,7847,29,13646,-0.2614355822893437
800,1800,9282,10976,7,22058,-0.3783365165941748
801,1081,5633,3806,8,10520,-3.825907669826124
802,2528,2270,8760,5,13558,0.20634919629234483
803,3344,4278,8506,29,16128,-0.2563450616081613
804,1779,3687,4664,30,10130,-1.654608876672046
805,1663,1840,2506,20,6009,-0.022543192998499408
806,2801,3297,7411,15,13509,-2.5698163511106706
807,3174,2735,10455,1,16364,-0.6225004679285666
808,4426,2023,8333,24,14782,0.47069418898910154
809,3420,11149,10620,17,25189,-2.849432905850963
810,2346,2654,7921,7,12921,-0.5157805749861004
811,1821,2402,6974,11,11197,-2.0867600104854547
812,0,0,0,16,0,-2.162936779340823
813,2384,8817,6991,27,18192,-1.4055354460188365
814,4487,3325,8940,4,16752,-1.166462015365627
815,3192,4085,8584,0,15861,-3.057782171054704
816,2138,2920,5476,30,10534,-1.6291562732661338
817,5466,7161,18998,1,31625,-0.6123194265662018
818,4500,3366,8531,28,16397,-3.413937577375094
819,3555,2067,6593,20,12215,0.06399565858160176
820,1835,2608,3766,3,8209,0.38433637877136506
821,3546,3436,10052,26,17034,-0.8106686917699517
822,4731,11438,12178,21,28347,-0.08344839981032362
823,1227,1599,5427,7,8253,-0.5514142197543774
824,2513,2901,5102,22,10516,0.9437505296143379
825,2633,8762,10462,6,21857,-2.8037992610826876
826,4843,2692,8134,28,15669,-3.459752263505734
827,4508,2860,8152,0,15520,-3.1443210226348017
828,1620,4802,8065,17,14487,-2.8850665506192383
829,2616,1549,3813,18,7978,-3.9835327695804077
830,2395,11963,5236,23,19594,-0.9375696260747828
831,1851,6858,5006,14,13715,-1.5122553389613027
832,5393,10844,12506,27,28743,-1.364811280569377
833,3314,3818,6657,25,13789,-3.0070580056052467
834,2687,2612,6359,29,11658,-0.19525881343397214
835,4541,4283,9731,26,18555,-0.790306609045222
836,5957,5786,15362,17,27105,-2.930881236749878
837,4452,4014,5901,9,14367,-1.7816908523392418
838,758,2263,2679,8,5700,-3.7139162148401152
839,308,231,257,18,796,-3.9580801661744967
840,3682,1918,8355,28,13955,-3.4393901807810052
841,5282,6136,11095,23,22513,-1.0393800396984312
842,4203,2979,7476,10,14658,-3.5410195530422848
843,3011,4058,7417,10,14486,-3.5359290323611026
844,4906,4099,11689,4,20694,-1.2682724289892757
845,4458,2132,6607,24,13197,0.5165088751197434
846,5516,650,8707,11,14873,-2.147846258659641
847,3022,4203,6848,0,14073,-3.2359503948960815
848,3796,5603,11975,1,21374,-0.6174099472473842
849,3239,2110,4473,15,9822,-2.656355202690768
850,4355,3821,10300,6,18476,-2.7987087404015054
851,848,3295,3144,27,7287,-1.3088155530763703
852,4293,2298,8776,20,15367,0.08435774130633143
853,4493,1892,4737,9,11122,-1.8936823073252553
854,4650,12206,9992,14,26848,-1.491893256236573
855,155,875,1060,18,2090,-4.0191664143486845
856,5472,13387,10767,4,29626,-1.2020956601339041
857,961,4792,5505,17,11258,-2.879976029938056
858,2801,2639,6452,10,11892,-3.500295387592827
859,1583,4792,5663,8,12038,-3.800455066420213
860,3986,5404,9804,15,19194,-2.5850879131542173
861,2911,7724,6378,22,17013,0.9895652157449798
862,3496,2245,6845,24,12586,0.4503321062643718
863,5644,8999,10206,4,24849,-1.0748326431043433
864,2946,2375,4980,31,10301,-2.422372292718751
865,3497,3246,8640,4,15383,-1.1460999326408974
866,2016,4207,4903,18,11126,-4.238058803639539
867,3722,4365,11709,7,19796,-0.5412331783920126
868,4728,5369,9126,6,19223,-2.768165616314412
869,4378,6075,14562,21,25015,-0.1089010032162357
870,8050,5493,14602,28,28145,-3.3986660153315476
871,1412,5597,4957,14,11966,-1.563160545773127
872,5777,4809,8704,12,19290,0.6995865782799461
873,4402,5733,13530,17,23665,-2.9410622781122426
874,2963,5084,6627,31,14674,-2.391829168631658
875,396,617,859,28,1872,-3.291765081026721
876,2943,7850,6416,14,17209,-1.5020742975989378
877,1367,412,2151,18,3930,-3.8868128766379457
878,468,890,1367,18,2725,-4.039528497073415
879,2644,2306,4087,23,9037,-0.9732032708430598
880,2612,2567,3618,8,8797,-3.7699119423331195
881,1929,2807,4115,8,8851,-3.780092983695484
882,2569,2591,5169,0,10329,-3.078144253779433
883,3764,4718,5090,4,13572,-1.105375767191438
884,2581,1866,7573,22,12020,0.8877548021213312
885,2080,3473,5164,4,10717,-1.1155568085538028
886,4902,4940,8960,4,18802,-1.2071861808150866
887,2930,6439,9147,12,18516,0.8573927193966014
888,1828,3105,5048,8,9981,-3.6019247598541067
889,4441,2987,9342,8,16770,-3.663011008028293
890,5250,2038,6074,12,13362,0.7912159505412298
891,2958,2949,5169,31,11076,-2.346014482501018
892,2859,4121,5539,23,12519,-1.0342895190172487
893,1726,3344,5808,27,10878,-1.436078570105931
894,3512,13266,13298,27,30076,-1.3546302392070122
895,245,12632,2878,8,15755,-3.856450793913217
896,2101,3564,6500,22,12165,0.9386600089331555
897,2960,1886,3810,18,8656,-4.141338910697068
898,2975,1158,3502,24,7635,0.5877761646562975
899,4271,10076,5780,3,20127,0.3079785685536286
900,3305,2496,5756,12,11557,0.8421211573530542
901,5994,6083,14903,23,26980,-0.9884748328866071
902,4778,10348,11375,14,26501,-1.5682510664543095
903,3734,4285,15224,2,23243,-1.9800401175429918
904,2735,2847,8048,2,13630,-1.93422543141235
905,3634,1840,5171,25,10645,-3.0223295676487933
906,3606,4984,7069,20,15659,0.01818097245095996
907,5009,4789,8444,4,18242,-1.2224577428586338
908,2336,6230,6912,31,15478,-2.493639582255302
909,3134,10832,5953,30,19919,-1.6596993973532284
910,556,338,832,18,1726,-4.1362483900158855
911,2772,4138,8449,1,15359,-0.6581341126968436
912,5166,1802,6201,26,13169,-0.825940253813499
913,1886,3399,7551,7,12836,-0.5972289058850193
914,3001,3169,11136,21,17306,-0.15471568934687754
915,1644,7091,5807,27,14542,-1.339358677163465
916,2889,4516,4937,9,12342,-1.7358761662086
917,3331,4035,6575,23,13941,-0.9426601467559652
918,2416,3366,6268,8,12050,-3.688463611434204
919,4622,4261,9865,5,18748,0.2521638824229867
920,4514,3482,5649,3,13645,0.3283406512783583
921,3203,1590,4533,0,9326,-3.1341399812724373
922,409,5638,3098,1,9145,-0.6632246333780261
923,2314,2641,7175,29,12130,-0.276707144332891
924,5000,6738,12136,18,23874,-4.222787241595991
925,3482,7452,6921,31,17855,-2.3765576065881113
926,4853,4675,12460,3,21988,0.28761648582889887
927,3396,3262,5440,18,12098,-4.243149324320721
928,1255,2593,3163,30,7011,-1.6138847112225865
929,3577,6069,9534,0,19180,-3.246131436258446
930,2562,4865,3894,13,11321,-0.9122980640312355
931,1489,8454,6973,19,16916,1.1217377120933583
932,7321,3861,8855,12,20037,0.7301297023670407
933,1829,2991,5018,31,9838,-2.412191251356387
934,3627,3453,7332,0,14412,-3.149411543315984
935,3185,3344,7486,16,14015,-2.2749282343268318
936,4086,2935,7041,21,14062,-0.13944412730333025
937,3272,2793,10752,19,16817,1.0453799018756218
938,5569,2853,12748,5,21170,0.1147198240310611
939,2738,3608,7518,2,13864,-1.9444064727747148
940,5142,5410,9675,24,20227,0.5419614785256556
941,1103,525,1503,18,3131,-4.166791514102981
942,4518,4702,13775,5,22995,0.18089659288643267
943,7571,1888,6855,12,16314,0.6690434541928515
944,1250,6723,3717,31,11690,-2.3612860445445647
945,1946,10233,18349,27,30528,-1.3444491978446473
946,3297,1892,6249,13,11438,-0.8970265019876882
947,908,1825,2592,8,5325,-3.58665319781056
948,2369,1789,3997,12,8155,0.7504917850917704
949,1916,3826,6813,16,12555,-2.300380837732743
950,3455,4640,9982,10,18077,-3.5053859082740093
951,4414,1153,4764,12,10331,0.8217590746283244
952,2320,6514,9282,19,18116,1.0810135466438988
953,1266,8875,7506,27,17647,-1.3495397185258298
954,3576,2442,5230,9,11248,-1.7562382489333297
955,2306,2157,4995,2,9458,-1.9647685554994445
956,3583,3056,5340,28,11979,-3.337579767157361
957,4883,3559,7110,5,15552,0.19107763424879753
958,2485,3028,6448,11,11961,-2.020583241630086
959,4016,6769,11307,11,22092,-2.071488448441908
960,2961,9137,7818,25,19916,-2.9816054021993357
961,2896,3671,6704,2,13271,-1.9189538693688026
962,3411,3199,7566,18,14176,-3.8766318352755813
963,3315,5299,8560,17,17174,-2.8647044678945095
964,5477,2908,10213,20,18598,-0.02763371367968183
965,2089,1543,7903,6,11535,-2.7783466576767766
966,1466,2717,3366,29,7549,-0.24616402024579645
967,4204,3674,12518,29,20396,-0.2359829788834316
968,3357,3462,5192,4,12011,-1.141009411959715
969,4234,3809,9914,0,17957,-3.123958939910073
970,3691,2167,6635,0,12493,-3.179954667403077
971,365,767,825,18,1957,-3.9478991248121322
972,3122,1236,3700,23,8058,-0.998655874248972
973,1508,2162,4583,16,8253,-2.1680273000220054
974,1750,9971,15171,14,26892,-1.4969837769177554
975,1906,6204,5848,17,13958,-2.8341613438074162
976,5537,3969,12772,5,22278,0.1350819067557908
977,3464,5523,10753,15,19740,-2.6461741613284038
978,1996,7208,6496,19,15700,1.0911945880062637
979,2776,2400,7597,23,12773,-1.0088369156113366
980,1537,4093,5358,0,10988,-3.129049460591255
981,528,608,887,24,2023,0.5725046026127502
982,2751,5426,8353,19,16530,1.1013756293686285
983,1198,1188,4795,7,7181,-0.4597848474930937
984,448,3073,3116,19,6637,1.0402893811944394
985,4887,3274,9399,20,17560,0.06908617926278418
986,6112,6454,14137,4,26703,-1.13082837059735
987,6270,5723,10683,4,22676,-1.1359188912785325
988,5911,4631,9194,21,19736,-0.1292630859409654
989,5527,2574,6707,9,14808,-1.7613287696145121
990,5564,5667,19515,7,30746,-0.47505640953664097
991,326,639,1047,18,2012,-4.059890579798146
992,6181,6643,11500,15,24324,-2.6665362440531326
993,2317,1793,3879,10,7989,-3.495204866911645
994,1865,10391,8401,17,20657,-2.854523426532145
995,3630,3301,7612,9,14543,-1.8529581418757959
996,4797,8698,18049,30,31544,-1.5935226284978568
997,3908,3671,8246,1,15825,-0.6734056747403909
998,2372,4741,7852,29,14965,-0.18507777207160728
999,3882,3779,7013,12,14674,0.816668553947142
