test,modifier,level,order,status,estimate,se,ci_low,ci_high,bootstrap_ci_low,bootstrap_ci_high,far_near_broad,far_near_specialized,n,n_broad,n_specialized,journals
paper_venue_fit,reference_entropy_quartile,1,1,estimated,-0.14104639442645284,0.04842163370756691,-0.235952796493284,-0.046139992359621684,-0.23504309005231205,-0.046051366806468305,1.0579506709355213,0.9187762229261538,959091,402766,556325,17497
paper_venue_fit,reference_entropy_quartile,2,2,estimated,-0.1136053568253318,0.03380003308229341,-0.17985342166662688,-0.04735729198403671,-0.17964149359292922,-0.04562672668899222,1.1921217721268256,1.0640999925077148,956147,366079,590068,18045
paper_venue_fit,reference_entropy_quartile,3,3,estimated,-0.07140997491142331,0.02531600620782802,-0.12102934707876623,-0.021790602744080394,-0.11691471472922352,-0.024010020088016882,1.3447269146082503,1.2520484625821795,957588,372384,585204,18075
paper_venue_fit,reference_entropy_quartile,4,4,estimated,-0.05953359886099796,0.032102631240370536,-0.12245475609212421,0.003387558370128288,-0.12296299036718851,0.0023560672566838633,1.8837383894702902,1.7748656120840134,954665,394614,560051,17795
author_audience_breadth,author_breadth_quartile,1,1,estimated,-0.02651084468245335,0.038356217939075066,-0.10168903184304048,0.048667342478133785,-0.09909963383265545,0.046758286876731434,1.2155900341231667,1.1837871389715915,754268,265885,488383,17470
author_audience_breadth,author_breadth_quartile,2,2,estimated,-0.08340873738197419,0.038405349918371134,-0.1586832232219816,-0.008134251541966758,-0.16078904884511153,-0.004744989188973573,1.4688952231164607,1.3513469448314135,754267,277320,476947,17397
author_audience_breadth,author_breadth_quartile,3,3,estimated,-0.1263530340709046,0.028764215832156638,-0.1827308971019316,-0.06997517103987758,-0.185170717631626,-0.07637701117546901,1.594222250119881,1.4049939064951,754268,304947,449321,17451
author_audience_breadth,author_breadth_quartile,4,4,estimated,-0.07493352803467879,0.0248425794671647,-0.1236249837903216,-0.02624207227903598,-0.12421081797919192,-0.026158512467127876,1.4138166213788002,1.311746352807372,754267,350684,403583,17592
author_publication_experience,author_works_quartile,1,1,estimated,-0.13699449513076295,0.047912553807849166,-0.23090310059414731,-0.043085889667378585,-0.23447243981316065,-0.043938774157227765,1.368983893732962,1.1937197666426804,956873,417530,539343,18569
author_publication_experience,author_works_quartile,2,2,estimated,-0.09042606873339132,0.019538971712719122,-0.12872245329032078,-0.05212968417646184,-0.12774083689484259,-0.05395897102767875,1.3738386259698394,1.2550591084248675,956873,410484,546389,18204
author_publication_experience,author_works_quartile,3,3,estimated,-0.07914689816524867,0.029584983109517758,-0.13713346505990348,-0.021160331270593864,-0.1370242802782254,-0.021803169846950944,1.4817201317004225,1.3689674449680256,956873,367919,588954,17336
author_publication_experience,author_works_quartile,4,4,estimated,-0.06604619205993023,0.035947271767026424,-0.13650284472330204,0.0044104606034415655,-0.13590516712431103,0.009122932282749217,1.4083086786286017,1.318300324099949,956872,339910,616962,16451
semantic_domain,qwen_macro,0,1,estimated,-0.1717106322597146,0.058798167181949836,-0.2869550399363363,-0.05646622458309293,-0.288853890912506,-0.04981421573814256,1.5146756428385453,1.275694436787983,143883,63093,80790,8963
semantic_domain,qwen_macro,1,2,estimated,-0.09744618594330312,0.12685972836075038,-0.34609125353037384,0.15119888164376763,-0.33838348755495296,0.13042749191122005,1.270427146811237,1.1524694570365133,82602,35590,47012,5733
semantic_domain,qwen_macro,2,3,estimated,-0.0818456762047633,0.06952512757070378,-0.2181149262433427,0.0544235738338161,-0.20600931790748434,0.04014915063755195,1.8844330786790087,1.736343291838263,54343,25578,28765,4108
semantic_domain,qwen_macro,3,4,estimated,-0.07398016987673828,0.10174829653338963,-0.27340683108218194,0.1254464913287054,-0.2607893283402432,0.13338071562897244,1.0605264135719525,0.9849003913578052,74970,34296,40674,3384
semantic_domain,qwen_macro,4,5,estimated,-0.1845601385200215,0.061068369390640594,-0.30425414252567706,-0.06486613451436594,-0.305620138106835,-0.05684187746110168,1.7387086893412471,1.4456840009530565,206651,84863,121788,6568
semantic_domain,qwen_macro,5,6,estimated,0.055247086516718724,0.14600394833093236,-0.23092065221190872,0.34141482524534617,-0.23261965713229857,0.3429685385086338,1.1396379884836276,1.2043713680247368,124906,49901,75005,5424
semantic_domain,qwen_macro,6,7,estimated,-0.17001353032705172,0.14214540891093966,-0.44861853179249345,0.10859147113838999,-0.46828489475674145,0.08602311043582708,2.1463617056375806,1.8107853540524192,115426,49754,65672,4564
semantic_domain,qwen_macro,7,8,estimated,-0.08767754050790977,0.10425411411671397,-0.29201560417666916,0.1166605231608496,-0.28040583346040476,0.137353617455387,0.897123026066882,0.8218151282469099,172466,67319,105147,4812
semantic_domain,qwen_macro,8,9,estimated,-0.1342774717329176,0.09684618205749916,-0.32409598856561594,0.05554104509978075,-0.32360457303461443,0.05125980042163605,3.4288774699225244,2.9980301838853056,151409,58645,92764,8911
semantic_domain,qwen_macro,9,10,estimated,-0.02639837266843892,0.0718264536569223,-0.16717822183600664,0.1143814764991288,-0.15023142228880967,0.10256026044582765,2.3345486269686986,2.2737266746457876,149519,73952,75567,4518
semantic_domain,qwen_macro,10,11,estimated,-0.0824132066129627,0.05358514848379151,-0.18744009764119407,0.02261368441526866,-0.19435755865664606,0.03275816919374841,2.0042099792308226,1.845659656843865,83663,35186,48477,7644
semantic_domain,qwen_macro,11,12,estimated,-0.09785202646189495,0.0623629153123091,-0.22008334047402078,0.024379287550230888,-0.22072910390197795,0.026482078815580484,1.448406302446905,1.3133903189377643,123818,50593,73225,6609
semantic_domain,qwen_macro,12,13,estimated,0.08761188523956653,0.111615609759569,-0.1311547098891887,0.30637848036832177,-0.12633835299030502,0.3140353167487636,1.5491519243924872,1.690999071577495,150944,79378,71566,9456
semantic_domain,qwen_macro,13,14,estimated,-0.10893524846290559,0.09564310762741117,-0.2963957394126315,0.0785252424868203,-0.2914234866628725,0.0676192158119992,1.204535088325113,1.0802131958453838,45120,19170,25950,2964
semantic_domain,qwen_macro,14,15,estimated,-0.22122667020337738,0.08410432654654436,-0.38607115023460437,-0.05638219017215043,-0.4050559748535159,-0.07068321437290899,1.7959926566857525,1.4395509302571243,108666,29114,79552,4321
semantic_domain,qwen_macro,15,16,estimated,-0.12499105392121979,0.09503983042242058,-0.3112691215491641,0.06128701370672454,-0.32066389341578944,0.0726939690858181,1.2021499878773934,1.060903131624449,136743,48664,88079,4981
semantic_domain,qwen_macro,16,17,estimated,-0.09436730436450735,0.07839426086704807,-0.24802005566392155,0.05928544693490684,-0.24851397014025292,0.06557897438599797,1.9448161805008475,1.7696825133351488,146207,58521,87686,8488
semantic_domain,qwen_macro,17,18,estimated,-0.18483339118198827,0.05359618583059591,-0.2898819154099562,-0.07978486695402029,-0.27769741420525723,-0.08180972006459661,1.2771378794074744,1.061611621769308,105953,37572,68381,5187
semantic_domain,qwen_macro,18,19,estimated,0.6023864865203135,0.48846423610065937,-0.35500341623697884,1.5597763892776058,-0.3242886234856708,1.6079469270908,16.178326211682517,29.549267197672318,152090,70476,81614,10905
semantic_domain,qwen_macro,19,20,estimated,-0.25784700969595337,0.09761221890577691,-0.4491669587512761,-0.06652706064063063,-0.4460077523015394,-0.07526202141952809,1.724347626136885,1.3324265872043382,70297,17999,52298,1701
semantic_domain,qwen_macro,20,21,estimated,-0.304916239094171,0.13005903775463334,-0.5598319530932523,-0.05000052509508962,-0.5695499253650088,-0.07179566283826923,1.157088187496576,0.8529881933077496,109489,45747,63742,4529
semantic_domain,qwen_macro,21,22,estimated,-0.23986466389257832,0.10517503619426836,-0.4460077348333443,-0.03372159295181232,-0.43187048526798366,-0.056113711684102084,1.2857741169195303,1.0115626350931908,88044,31479,56565,3230
semantic_domain,qwen_macro,22,23,estimated,0.10320277099173725,0.19025208625446008,-0.2696913180670045,0.476096860050479,-0.251587348106612,0.4906330088826745,0.5462474372540161,0.6056333838579439,85146,36673,48473,2707
semantic_domain,qwen_macro,23,24,estimated,0.01696330274367963,0.08053105943158731,-0.1408775737422315,0.17480417922959077,-0.12440240503828509,0.18180345400857473,1.3625825820617945,1.3858936401986608,107289,39769,67520,4959
semantic_domain,qwen_macro,24,25,estimated,-0.11791414500904862,0.09443459043078367,-0.3030059422533846,0.06717765223528738,-0.3080543235599692,0.07078199827559657,1.296303402107443,1.1521186273320507,128992,62145,66847,6469
semantic_domain,qwen_macro,25,26,estimated,-0.21665892021718047,0.0852213322297309,-0.383692731387453,-0.04962510904690792,-0.38176780907523017,-0.06146331516248263,1.2854104719215578,1.035018375353023,85820,30531,55289,4585
semantic_domain,qwen_macro,26,27,estimated,-0.13653163230167942,0.1016268204429762,-0.3357202003699128,0.06265693576655393,-0.3273851666114894,0.05337444430334633,1.0275687634794592,0.8964291271957701,107160,46246,60914,5570
semantic_domain,qwen_macro,27,28,estimated,-0.07264398925687121,0.11445176932594416,-0.29696945713572176,0.15168147862197934,-0.3066590513991619,0.1268714209529416,1.1976759684997889,1.1137570133088828,147496,45583,101913,4995
semantic_domain,qwen_macro,28,29,estimated,-0.23746547339981525,0.06351672633144839,-0.3619582570094541,-0.1129726897901764,-0.36260758240618646,-0.13296364022157603,2.23233490695788,1.7604731493587735,130319,59941,70378,9153
semantic_domain,qwen_macro,29,30,estimated,-0.00483762612052141,0.11719598179060511,-0.23454175043010742,0.2248664981890646,-0.22220766101784967,0.21852908826234307,1.1952633452156007,1.1894950716606854,91418,41692,49726,2648
semantic_domain,qwen_macro,30,31,estimated,-0.07038444734347503,0.07914001573080504,-0.2254988781758529,0.08472998348890283,-0.21321386040964507,0.09919929180136604,2.4083406005716865,2.2446587731979837,167292,38035,129257,4923
semantic_domain,qwen_macro,31,32,estimated,-0.14408266409768689,0.08024507257471307,-0.3013630063441245,0.013197678148750724,-0.3010262469212887,0.011429601198397431,1.6963462459604124,1.4687240150795973,179350,68338,111012,7036
publication_year,publication_year,2015,1,estimated,-0.034466959279304654,0.06164176342988308,-0.15528481560187551,0.08635089704326619,-0.15323994590252107,0.08609027765617344,1.3384966209321065,1.293148704051576,596758,243259,353499,11635
publication_year,publication_year,2016,2,estimated,-0.03287817285265471,0.04595954790399605,-0.12295888674448696,0.057202541039177546,-0.11917164181347496,0.04863808356566188,1.3344500415313354,1.2912891755212306,597086,242394,354692,12235
publication_year,publication_year,2017,3,estimated,-0.11896803825665425,0.042769680238612086,-0.20279661152433393,-0.035139464988974564,-0.19589495286365305,-0.04031153590991389,1.430931799074527,1.2704330181818613,608397,246436,361961,12877
publication_year,publication_year,2018,4,estimated,-0.08473889175013483,0.03521967430150826,-0.15376945338109102,-0.015708330119178632,-0.15330217216696843,-0.009730415827226894,1.3676921344006296,1.2565700847106924,641286,257657,383629,13408
publication_year,publication_year,2019,5,estimated,-0.07893204870375625,0.03534798190067002,-0.14821409322906948,-0.009650004178443014,-0.1484242187967935,-0.015960364981148466,1.397127781791165,1.2910895781561853,673319,255667,417652,14093
publication_year,publication_year,2020,6,estimated,-0.10010482923920283,0.047292344883354216,-0.1927978252105771,-0.0074118332678285714,-0.19549845895949802,-0.0069130012406631546,1.5519279726571464,1.404095301799428,710645,290430,420215,14606
