omitted_source_macro,metric,broad,specialized,contrast_specialized_minus_broad,direction_concordant,omitted_source_domain
0,directed_modularity,0.4787638660552605,0.5078149673557291,0.0290511013004685,True,"Business, economics & policy"
0,audience_participation,0.7201631982780139,0.6857570623907291,-0.0344061358872848,True,"Business, economics & policy"
0,semantic_span,0.125168804178829,0.1158837806773434,-0.0092850235014856,True,"Business, economics & policy"
1,directed_modularity,0.4817491087226155,0.5104067016815919,0.0286575929589762,True,Earth & environmental science
1,audience_participation,0.7170289502523433,0.6828811471627011,-0.0341478030896421,True,Earth & environmental science
1,semantic_span,0.1258319752213966,0.1166174925860034,-0.0092144826353932,True,Earth & environmental science
2,directed_modularity,0.4831165993600929,0.5116412377441136,0.0285246383840207,True,"Reproduction, metabolism & animal science"
2,audience_participation,0.7160635856657942,0.682000086093589,-0.0340634995722052,True,"Reproduction, metabolism & animal science"
2,semantic_span,0.1253945510879866,0.1161808751069754,-0.0092136759810112,True,"Reproduction, metabolism & animal science"
3,directed_modularity,0.4808093514423011,0.5089469106731995,0.0281375592308984,True,Electrical & control engineering
3,audience_participation,0.7181243881547712,0.6845689502457466,-0.0335554379090246,True,Electrical & control engineering
3,semantic_span,0.1259706460025007,0.1167004471176691,-0.0092701988848316,True,Electrical & control engineering
4,directed_modularity,0.4803990178624555,0.5086633327347558,0.0282643148723003,True,Plant & microbial biology
4,audience_participation,0.7184596162316601,0.6850163227447935,-0.0334432934868665,True,Plant & microbial biology
4,semantic_span,0.1257420756337297,0.1164634945568159,-0.0092785810769137,True,Plant & microbial biology
5,directed_modularity,0.4797830988738698,0.5098844059515931,0.0301013070777232,True,Energy & thermal engineering
5,audience_participation,0.7189527122162842,0.6836994247098016,-0.0352532875064826,True,Energy & thermal engineering
5,semantic_span,0.1260807362799706,0.1168013444133113,-0.0092793918666592,True,Energy & thermal engineering
6,directed_modularity,0.4843965399862937,0.5132227617542444,0.0288262217679506,True,Clinical diagnostics & case reports
6,audience_participation,0.7142339902549939,0.6797809008995469,-0.034453089355447,True,Clinical diagnostics & case reports
6,semantic_span,0.1252158315367866,0.116014355212367,-0.0092014763244195,True,Clinical diagnostics & case reports
7,directed_modularity,0.4757691504547512,0.5036594845027036,0.0278903340479523,True,Electrochemical materials
7,audience_participation,0.7244010218722714,0.6915603678958249,-0.0328406539764465,True,Electrochemical materials
7,semantic_span,0.1267156960227934,0.117596652326324,-0.0091190436964694,True,Electrochemical materials
8,directed_modularity,0.4853458046102475,0.514182594530966,0.0288367899207184,True,Humanities & politics
8,audience_participation,0.7140706654328772,0.679638830696883,-0.0344318347359942,True,Humanities & politics
8,semantic_span,0.1237756490638561,0.1144161931502824,-0.0093594559135736,True,Humanities & politics
9,directed_modularity,0.483643293804182,0.5133443978885451,0.0297011040843631,True,Cell & neural biology
9,audience_participation,0.7152717917753342,0.6802719653866938,-0.0349998263886404,True,Cell & neural biology
9,semantic_span,0.1255586140156816,0.1162129751348401,-0.0093456388808414,True,Cell & neural biology
10,directed_modularity,0.4835692850507093,0.5123656310109624,0.0287963459602531,True,Social behavior & violence
10,audience_participation,0.7157550187629393,0.6814157422112824,-0.0343392765516569,True,Social behavior & violence
10,semantic_span,0.1251642364099923,0.1159130668369527,-0.0092511695730396,True,Social behavior & violence
11,directed_modularity,0.4811496686936302,0.5096951892411931,0.0285455205475628,True,Mental health & cognition
11,audience_participation,0.7173659235269034,0.6832460209812572,-0.0341199025456462,True,Mental health & cognition
11,semantic_span,0.1254703236687567,0.116098634288816,-0.0093716893799407,True,Mental health & cognition
12,directed_modularity,0.4808202398074342,0.5119532493291168,0.0311330095216825,True,Computing & networks
12,audience_participation,0.7178574407546315,0.680879294918534,-0.0369781458360974,True,Computing & networks
12,semantic_span,0.1249876878445654,0.1152025851023212,-0.0097851027422441,True,Computing & networks
13,directed_modularity,0.4813171782138631,0.5103515602512975,0.0290343820374343,True,Marine ecology & paleoscience
13,audience_participation,0.717968185897143,0.6835178664650216,-0.0344503194321214,True,Marine ecology & paleoscience
13,semantic_span,0.1257904774673369,0.1165685648083048,-0.009221912659032,True,Marine ecology & paleoscience
14,directed_modularity,0.4832230250556656,0.5115945689100388,0.0283715438543732,True,Immune & inflammatory disease
14,audience_participation,0.7155890222929839,0.6816351464156363,-0.0339538758773476,True,Immune & inflammatory disease
14,semantic_span,0.1255125413609049,0.1163733528973484,-0.0091391884635564,True,Immune & inflammatory disease
15,directed_modularity,0.4792730711414456,0.5072892607460429,0.0280161896045972,True,Cardiovascular medicine
15,audience_participation,0.7193763333663759,0.6859090820952916,-0.0334672512710843,True,Cardiovascular medicine
15,semantic_span,0.1259586921743743,0.1166160668157023,-0.0093426253586719,True,Cardiovascular medicine
16,directed_modularity,0.4832734180891581,0.5121825867976009,0.0289091687084427,True,Public health & care delivery
16,audience_participation,0.7154496798881773,0.6808071092847248,-0.0346425706034525,True,Public health & care delivery
16,semantic_span,0.1251064062526751,0.1157577790922161,-0.009348627160459,True,Public health & care delivery
17,directed_modularity,0.4820649224633545,0.5094571013911522,0.0273921789277976,True,Surgical specialties
17,audience_participation,0.7161783684834693,0.683428397649722,-0.0327499708337473,True,Surgical specialties
17,semantic_span,0.1257758053852788,0.1166551752748328,-0.009120630110446,True,Surgical specialties
18,directed_modularity,0.4989273827306403,0.5299190451012896,0.0309916623706492,True,Editorial & miscellaneous records
18,audience_participation,0.706883612882185,0.6721103675900321,-0.0347732452921529,True,Editorial & miscellaneous records
18,semantic_span,0.1207072105204885,0.1113280714687594,-0.0093791390517291,True,Editorial & miscellaneous records
19,directed_modularity,0.4791642575665591,0.5083221287606513,0.0291578711940921,True,Synthetic chemistry
19,audience_participation,0.7205403415819216,0.6858885360424118,-0.0346518055395097,True,Synthetic chemistry
19,semantic_span,0.1261614541890703,0.1167505873765974,-0.0094108668124728,True,Synthetic chemistry
20,directed_modularity,0.4795191446786772,0.506754344302581,0.0272351996239038,True,Civil & structural engineering
20,audience_participation,0.718953383918225,0.6870141331786126,-0.0319392507396124,True,Civil & structural engineering
20,semantic_span,0.1260717190319855,0.1172456614835885,-0.008826057548397,True,Civil & structural engineering
21,directed_modularity,0.4807572379149096,0.50888418140222,0.0281269434873103,True,Metallurgy & alloys
21,audience_participation,0.7181808054967763,0.6848715962763905,-0.0333092092203858,True,Metallurgy & alloys
21,semantic_span,0.1260251806029413,0.1170662967017453,-0.008958883901196,True,Metallurgy & alloys
22,directed_modularity,0.4775338033145164,0.5060766567715368,0.0285428534570203,True,Mathematics & theoretical physics
22,audience_participation,0.7216964622029337,0.6880050586771189,-0.0336914035258147,True,Mathematics & theoretical physics
22,semantic_span,0.1261741654610184,0.1168657116526125,-0.0093084538084058,True,Mathematics & theoretical physics
23,directed_modularity,0.4804003827627902,0.5092307971505227,0.0288304143877324,True,Ecology & taxonomy
23,audience_participation,0.7182362929304165,0.684318829954323,-0.0339174629760934,True,Ecology & taxonomy
23,semantic_span,0.1258213185225662,0.1166188907059979,-0.0092024278165682,True,Ecology & taxonomy
24,directed_modularity,0.4811385935095215,0.508594538786731,0.0274559452772095,True,"Astronomy, optics & imaging"
24,audience_participation,0.7172499026954906,0.6845424017956302,-0.0327075008998604,True,"Astronomy, optics & imaging"
24,semantic_span,0.1256689203036572,0.1165001993170423,-0.0091687209866148,True,"Astronomy, optics & imaging"
25,directed_modularity,0.4813791218924637,0.5086357913086849,0.0272566694162211,True,Orthopaedics & sports medicine
25,audience_participation,0.7170406903504938,0.6845722987766727,-0.032468391573821,True,Orthopaedics & sports medicine
25,semantic_span,0.1257031187280798,0.1166031827595075,-0.0090999359685722,True,Orthopaedics & sports medicine
26,directed_modularity,0.4780001447721604,0.5068224719273848,0.0288223271552244,True,"Climate, land & agriculture"
26,audience_participation,0.7209661534391612,0.6868147832834848,-0.0341513701556763,True,"Climate, land & agriculture"
26,semantic_span,0.1260255047896057,0.1167655527434556,-0.0092599520461501,True,"Climate, land & agriculture"
27,directed_modularity,0.4770100652816247,0.507198650082413,0.0301885848007883,True,Oncology
27,audience_participation,0.7220356410175774,0.6865616609971896,-0.0354739800203878,True,Oncology
27,semantic_span,0.1261020849686314,0.1168232758154193,-0.0092788091532121,True,Oncology
28,directed_modularity,0.4828257250463937,0.5106224400739311,0.0277967150275373,True,Education & language
28,audience_participation,0.716007225160213,0.682580941810307,-0.0334262833499059,True,Education & language
28,semantic_span,0.1250351420466608,0.1158319119573665,-0.0092032300892942,True,Education & language
29,directed_modularity,0.4783636936224724,0.5087523830202,0.0303886893977275,True,Electronic & magnetic materials
29,audience_participation,0.7210316122030496,0.6851408993207186,-0.0358907128823309,True,Electronic & magnetic materials
29,semantic_span,0.1259331119697119,0.1166542776976664,-0.0092788342720454,True,Electronic & magnetic materials
30,directed_modularity,0.4865943669813142,0.5156733350840472,0.0290789681027329,True,Drug discovery & pharmaceutics
30,audience_participation,0.7129884738211594,0.6782144955852047,-0.0347739782359546,True,Drug discovery & pharmaceutics
30,semantic_span,0.1257434990088333,0.1163937313634845,-0.0093497676453487,True,Drug discovery & pharmaceutics
31,directed_modularity,0.4841519865959393,0.5124699171340126,0.0283179305380732,True,Chronic & infectious disease
31,audience_participation,0.7146305704719803,0.6804558189992516,-0.0341747514727287,True,Chronic & infectious disease
31,semantic_span,0.1247064261739079,0.1158148032133252,-0.0088916229605826,True,Chronic & infectious disease
