panel,mark,item,x,y,value
a,timeline,history starts,-36.0,0.5,-36.0
a,timeline,time zero,0.0,0.5,0.0
a,timeline,follow-up ends,60.0,0.5,60.0
b,histogram,bin 0,0.8025369596096987,36.0,0.004995056094254768
b,histogram,bin 1,0.8075320157039535,141.0,0.004995056094254879
b,histogram,bin 2,0.8125270717982083,339.0,0.004995056094254768
b,histogram,bin 3,0.8175221278924631,568.0,0.004995056094254768
b,histogram,bin 4,0.8225171839867179,857.0,0.004995056094254879
b,histogram,bin 5,0.8275122400809727,1191.0,0.004995056094254768
b,histogram,bin 6,0.8325072961752276,1871.0,0.004995056094254879
b,histogram,bin 7,0.8375023522694824,2655.0,0.004995056094254768
b,histogram,bin 8,0.8424974083637371,3627.0,0.004995056094254768
b,histogram,bin 9,0.847492464457992,5216.0,0.004995056094254879
b,histogram,bin 10,0.8524875205522469,7283.0,0.004995056094254768
b,histogram,bin 11,0.8574825766465016,9867.0,0.004995056094254879
b,histogram,bin 12,0.8624776327407564,12089.0,0.004995056094254768
b,histogram,bin 13,0.8674726888350113,13283.0,0.004995056094254768
b,histogram,bin 14,0.872467744929266,12940.0,0.004995056094254879
b,histogram,bin 15,0.8774628010235208,9705.0,0.004995056094254768
b,histogram,bin 16,0.8824578571177757,6329.0,0.004995056094254768
b,histogram,bin 17,0.8874529132120305,3756.0,0.004995056094254879
b,histogram,bin 18,0.8924479693062852,1872.0,0.004995056094254768
b,histogram,bin 19,0.8974430254005401,915.0,0.004995056094254768
b,histogram,bin 20,0.9024380814947949,503.0,0.004995056094254879
b,histogram,bin 21,0.9074331375890496,254.0,0.004995056094254768
b,histogram,bin 22,0.9124281936833045,139.0,0.004995056094254879
b,histogram,bin 23,0.9174232497775594,78.0,0.004995056094254768
b,histogram,bin 24,0.9224183058718141,55.0,0.004995056094254768
b,histogram,bin 25,0.9274133619660689,42.0,0.004995056094254879
b,histogram,bin 26,0.9324084180603238,20.0,0.004995056094254768
b,histogram,bin 27,0.9374034741545786,15.0,0.004995056094254879
b,histogram,bin 28,0.9423985302488334,16.0,0.004995056094254768
b,histogram,bin 29,0.9473935863430882,9.0,0.004995056094254768
b,histogram,bin 30,0.952388642437343,12.0,0.004995056094254879
b,histogram,bin 31,0.9573836985315978,9.0,0.004995056094254768
b,histogram,bin 32,0.9623787546258527,19.0,0.004995056094254768
b,histogram,bin 33,0.9673738107201074,8.0,0.004995056094254879
b,histogram,bin 34,0.9723688668143622,11.0,0.004995056094254768
b,histogram,bin 35,0.9773639229086171,8.0,0.004995056094254768
b,histogram,bin 36,0.9823589790028718,8.0,0.004995056094254879
b,histogram,bin 37,0.9873540350971266,14.0,0.004995056094254768
b,histogram,bin 38,0.9923490911913815,3.0,0.004995056094254768
b,histogram,bin 39,0.9973441472856363,2.0,0.004995056094254879
b,split-half bin,cell 0-0,0.7990295548193094,0.7990945902222171,1.0
b,split-half bin,cell 0-1,0.7990295548193094,0.805467513570608,7.0
b,split-half bin,cell 0-3,0.7990295548193094,0.81821336026739,1.0
b,split-half bin,cell 1-0,0.805404542752918,0.7990945902222171,10.0
b,split-half bin,cell 1-1,0.805404542752918,0.805467513570608,52.0
b,split-half bin,cell 1-2,0.805404542752918,0.8118404369189991,37.0
b,split-half bin,cell 1-3,0.805404542752918,0.81821336026739,6.0
b,split-half bin,cell 2-1,0.8117795306865264,0.805467513570608,49.0
b,split-half bin,cell 2-2,0.8117795306865264,0.8118404369189991,249.0
b,split-half bin,cell 2-3,0.8117795306865264,0.81821336026739,90.0
b,split-half bin,cell 2-4,0.8117795306865264,0.8245862836157809,13.0
b,split-half bin,cell 2-5,0.8117795306865264,0.8309592069641718,1.0
b,split-half bin,cell 3-1,0.818154518620135,0.805467513570608,10.0
b,split-half bin,cell 3-2,0.818154518620135,0.8118404369189991,87.0
b,split-half bin,cell 3-3,0.818154518620135,0.81821336026739,434.0
b,split-half bin,cell 3-4,0.818154518620135,0.8245862836157809,163.0
b,split-half bin,cell 3-5,0.818154518620135,0.8309592069641718,21.0
b,split-half bin,cell 3-6,0.818154518620135,0.8373321303125629,2.0
b,split-half bin,cell 4-2,0.8245295065537435,0.8118404369189991,20.0
b,split-half bin,cell 4-3,0.8245295065537435,0.81821336026739,187.0
b,split-half bin,cell 4-4,0.8245295065537435,0.8245862836157809,676.0
b,split-half bin,cell 4-5,0.8245295065537435,0.8309592069641718,295.0
b,split-half bin,cell 4-6,0.8245295065537435,0.8373321303125629,44.0
b,split-half bin,cell 4-7,0.8245295065537435,0.8437050536609538,3.0
b,split-half bin,cell 5-2,0.830904494487352,0.8118404369189991,1.0
b,split-half bin,cell 5-3,0.830904494487352,0.81821336026739,21.0
b,split-half bin,cell 5-4,0.830904494487352,0.8245862836157809,282.0
b,split-half bin,cell 5-5,0.830904494487352,0.8309592069641718,1116.0
b,split-half bin,cell 5-6,0.830904494487352,0.8373321303125629,507.0
b,split-half bin,cell 5-7,0.830904494487352,0.8437050536609538,61.0
b,split-half bin,cell 5-8,0.830904494487352,0.8500779770093447,10.0
b,split-half bin,cell 6-3,0.8372794824209606,0.81821336026739,1.0
b,split-half bin,cell 6-4,0.8372794824209606,0.8245862836157809,56.0
b,split-half bin,cell 6-5,0.8372794824209606,0.8309592069641718,483.0
b,split-half bin,cell 6-6,0.8372794824209606,0.8373321303125629,1807.0
b,split-half bin,cell 6-7,0.8372794824209606,0.8437050536609538,748.0
b,split-half bin,cell 6-8,0.8372794824209606,0.8500779770093447,85.0
b,split-half bin,cell 6-9,0.8372794824209606,0.8564509003577356,4.0
b,split-half bin,cell 6-10,0.8372794824209606,0.8628238237061268,1.0
b,split-half bin,cell 7-4,0.8436544703545692,0.8245862836157809,3.0
b,split-half bin,cell 7-5,0.8436544703545692,0.8309592069641718,77.0
b,split-half bin,cell 7-6,0.8436544703545692,0.8373321303125629,768.0
b,split-half bin,cell 7-7,0.8436544703545692,0.8437050536609538,2606.0
b,split-half bin,cell 7-8,0.8436544703545692,0.8500779770093447,1150.0
b,split-half bin,cell 7-9,0.8436544703545692,0.8564509003577356,124.0
b,split-half bin,cell 7-10,0.8436544703545692,0.8628238237061268,10.0
b,split-half bin,cell 7-11,0.8436544703545692,0.8691967470545177,1.0
b,split-half bin,cell 8-5,0.8500294582881777,0.8309592069641718,8.0
b,split-half bin,cell 8-6,0.8500294582881777,0.8373321303125629,80.0
b,split-half bin,cell 8-7,0.8500294582881777,0.8437050536609538,1204.0
b,split-half bin,cell 8-8,0.8500294582881777,0.8500779770093447,4516.0
b,split-half bin,cell 8-9,0.8500294582881777,0.8564509003577356,1775.0
b,split-half bin,cell 8-10,0.8500294582881777,0.8628238237061268,193.0
b,split-half bin,cell 8-11,0.8500294582881777,0.8691967470545177,14.0
b,split-half bin,cell 9-6,0.8564044462217862,0.8373321303125629,6.0
b,split-half bin,cell 9-7,0.8564044462217862,0.8437050536609538,146.0
b,split-half bin,cell 9-8,0.8564044462217862,0.8500779770093447,1764.0
b,split-half bin,cell 9-9,0.8564044462217862,0.8564509003577356,6469.0
b,split-half bin,cell 9-10,0.8564044462217862,0.8628238237061268,2632.0
b,split-half bin,cell 9-11,0.8564044462217862,0.8691967470545177,261.0
b,split-half bin,cell 9-12,0.8564044462217862,0.8755696704029086,11.0
b,split-half bin,cell 10-7,0.8627794341553948,0.8437050536609538,7.0
b,split-half bin,cell 10-8,0.8627794341553948,0.8500779770093447,199.0
b,split-half bin,cell 10-9,0.8627794341553948,0.8564509003577356,2535.0
b,split-half bin,cell 10-10,0.8627794341553948,0.8628238237061268,8542.0
b,split-half bin,cell 10-11,0.8627794341553948,0.8691967470545177,3070.0
b,split-half bin,cell 10-12,0.8627794341553948,0.8755696704029086,276.0
b,split-half bin,cell 10-13,0.8627794341553948,0.8819425937512995,20.0
b,split-half bin,cell 10-14,0.8627794341553948,0.8883155170996906,1.0
b,split-half bin,cell 10-17,0.8627794341553948,0.9074342871448633,1.0
b,split-half bin,cell 11-7,0.8691544220890033,0.8437050536609538,1.0
b,split-half bin,cell 11-8,0.8691544220890033,0.8500779770093447,19.0
b,split-half bin,cell 11-9,0.8691544220890033,0.8564509003577356,267.0
b,split-half bin,cell 11-10,0.8691544220890033,0.8628238237061268,3070.0
b,split-half bin,cell 11-11,0.8691544220890033,0.8691967470545177,9039.0
b,split-half bin,cell 11-12,0.8691544220890033,0.8755696704029086,3061.0
b,split-half bin,cell 11-13,0.8691544220890033,0.8819425937512995,275.0
b,split-half bin,cell 11-14,0.8691544220890033,0.8883155170996906,11.0
b,split-half bin,cell 11-16,0.8691544220890033,0.9010613637964724,1.0
b,split-half bin,cell 12-9,0.8755294100226119,0.8564509003577356,10.0
b,split-half bin,cell 12-10,0.8755294100226119,0.8628238237061268,276.0
b,split-half bin,cell 12-11,0.8755294100226119,0.8691967470545177,3143.0
b,split-half bin,cell 12-12,0.8755294100226119,0.8755696704029086,7274.0
b,split-half bin,cell 12-13,0.8755294100226119,0.8819425937512995,2129.0
b,split-half bin,cell 12-14,0.8755294100226119,0.8883155170996906,145.0
b,split-half bin,cell 12-15,0.8755294100226119,0.8946884404480815,5.0
b,split-half bin,cell 13-10,0.8819043979562204,0.8628238237061268,10.0
b,split-half bin,cell 13-11,0.8819043979562204,0.8691967470545177,292.0
b,split-half bin,cell 13-12,0.8819043979562204,0.8755696704029086,2222.0
b,split-half bin,cell 13-13,0.8819043979562204,0.8819425937512995,4218.0
b,split-half bin,cell 13-14,0.8819043979562204,0.8883155170996906,1190.0
b,split-half bin,cell 13-15,0.8819043979562204,0.8946884404480815,83.0
b,split-half bin,cell 13-16,0.8819043979562204,0.9010613637964724,3.0
b,split-half bin,cell 13-17,0.8819043979562204,0.9074342871448633,1.0
b,split-half bin,cell 14-11,0.888279385889829,0.8691967470545177,18.0
b,split-half bin,cell 14-12,0.888279385889829,0.8755696704029086,160.0
b,split-half bin,cell 14-13,0.888279385889829,0.8819425937512995,1234.0
b,split-half bin,cell 14-14,0.888279385889829,0.8883155170996906,2075.0
b,split-half bin,cell 14-15,0.888279385889829,0.8946884404480815,511.0
b,split-half bin,cell 14-16,0.888279385889829,0.9010613637964724,43.0
b,split-half bin,cell 14-17,0.888279385889829,0.9074342871448633,1.0
b,split-half bin,cell 15-12,0.8946543738234375,0.8755696704029086,5.0
b,split-half bin,cell 15-13,0.8946543738234375,0.8819425937512995,90.0
b,split-half bin,cell 15-14,0.8946543738234375,0.8883155170996906,516.0
b,split-half bin,cell 15-15,0.8946543738234375,0.8946884404480815,881.0
b,split-half bin,cell 15-16,0.8946543738234375,0.9010613637964724,203.0
b,split-half bin,cell 15-17,0.8946543738234375,0.9074342871448633,9.0
b,split-half bin,cell 16-12,0.9010293617570461,0.8755696704029086,1.0
b,split-half bin,cell 16-13,0.9010293617570461,0.8819425937512995,2.0
b,split-half bin,cell 16-14,0.9010293617570461,0.8883155170996906,34.0
b,split-half bin,cell 16-15,0.9010293617570461,0.8946884404480815,206.0
b,split-half bin,cell 16-16,0.9010293617570461,0.9010613637964724,361.0
b,split-half bin,cell 16-17,0.9010293617570461,0.9074342871448633,92.0
b,split-half bin,cell 16-18,0.9010293617570461,0.9138072104932544,14.0
b,split-half bin,cell 16-19,0.9010293617570461,0.9201801338416453,2.0
b,split-half bin,cell 17-14,0.9074043496906545,0.8883155170996906,4.0
b,split-half bin,cell 17-15,0.9074043496906545,0.8946884404480815,13.0
b,split-half bin,cell 17-16,0.9074043496906545,0.9010613637964724,111.0
b,split-half bin,cell 17-17,0.9074043496906545,0.9074342871448633,163.0
b,split-half bin,cell 17-18,0.9074043496906545,0.9138072104932544,49.0
b,split-half bin,cell 17-19,0.9074043496906545,0.9201801338416453,2.0
b,split-half bin,cell 17-20,0.9074043496906545,0.9265530571900362,1.0
b,split-half bin,cell 18-16,0.9137793376242631,0.9010613637964724,3.0
b,split-half bin,cell 18-17,0.9137793376242631,0.9074342871448633,49.0
b,split-half bin,cell 18-18,0.9137793376242631,0.9138072104932544,60.0
b,split-half bin,cell 18-19,0.9137793376242631,0.9201801338416453,16.0
b,split-half bin,cell 18-20,0.9137793376242631,0.9265530571900362,2.0
b,split-half bin,cell 18-21,0.9137793376242631,0.9329259805384271,1.0
b,split-half bin,cell 19-17,0.9201543255578717,0.9074342871448633,6.0
b,split-half bin,cell 19-18,0.9201543255578717,0.9138072104932544,23.0
b,split-half bin,cell 19-19,0.9201543255578717,0.9201801338416453,34.0
b,split-half bin,cell 19-20,0.9201543255578717,0.9265530571900362,8.0
b,split-half bin,cell 19-21,0.9201543255578717,0.9329259805384271,3.0
b,split-half bin,cell 20-18,0.9265293134914803,0.9138072104932544,1.0
b,split-half bin,cell 20-19,0.9265293134914803,0.9201801338416453,21.0
b,split-half bin,cell 20-20,0.9265293134914803,0.9265530571900362,25.0
b,split-half bin,cell 20-21,0.9265293134914803,0.9329259805384271,5.0
b,split-half bin,cell 20-22,0.9265293134914803,0.9392989038868182,1.0
b,split-half bin,cell 20-23,0.9265293134914803,0.9456718272352092,1.0
b,split-half bin,cell 21-19,0.9329043014250887,0.9201801338416453,3.0
b,split-half bin,cell 21-20,0.9329043014250887,0.9265530571900362,5.0
b,split-half bin,cell 21-21,0.9329043014250887,0.9329259805384271,14.0
b,split-half bin,cell 21-22,0.9329043014250887,0.9392989038868182,6.0
b,split-half bin,cell 21-23,0.9329043014250887,0.9456718272352092,2.0
b,split-half bin,cell 22-21,0.9392792893586973,0.9329259805384271,1.0
b,split-half bin,cell 22-22,0.9392792893586973,0.9392989038868182,8.0
b,split-half bin,cell 22-23,0.9392792893586973,0.9456718272352092,5.0
b,split-half bin,cell 22-24,0.9392792893586973,0.9520447505836,2.0
b,split-half bin,cell 22-25,0.9392792893586973,0.958417673931991,2.0
b,split-half bin,cell 23-22,0.9456542772923059,0.9392989038868182,5.0
b,split-half bin,cell 23-23,0.9456542772923059,0.9456718272352092,1.0
b,split-half bin,cell 23-24,0.9456542772923059,0.9520447505836,2.0
b,split-half bin,cell 24-22,0.9520292652259144,0.9392989038868182,1.0
b,split-half bin,cell 24-23,0.9520292652259144,0.9456718272352092,2.0
b,split-half bin,cell 24-24,0.9520292652259144,0.9520447505836,3.0
b,split-half bin,cell 24-25,0.9520292652259144,0.958417673931991,1.0
b,split-half bin,cell 24-26,0.9520292652259144,0.9647905972803821,3.0
b,split-half bin,cell 25-22,0.9584042531595229,0.9392989038868182,1.0
b,split-half bin,cell 25-23,0.9584042531595229,0.9456718272352092,1.0
b,split-half bin,cell 25-24,0.9584042531595229,0.9520447505836,4.0
b,split-half bin,cell 25-25,0.9584042531595229,0.958417673931991,4.0
b,split-half bin,cell 25-26,0.9584042531595229,0.9647905972803821,3.0
b,split-half bin,cell 25-27,0.9584042531595229,0.971163520628773,1.0
b,split-half bin,cell 26-25,0.9647792410931315,0.958417673931991,4.0
b,split-half bin,cell 26-26,0.9647792410931315,0.9647905972803821,9.0
b,split-half bin,cell 26-27,0.9647792410931315,0.971163520628773,3.0
b,split-half bin,cell 26-28,0.9647792410931315,0.9775364439771639,1.0
b,split-half bin,cell 26-29,0.9647792410931315,0.9839093673255548,1.0
b,split-half bin,cell 27-25,0.97115422902674,0.958417673931991,1.0
b,split-half bin,cell 27-26,0.97115422902674,0.9647905972803821,2.0
b,split-half bin,cell 27-27,0.97115422902674,0.971163520628773,1.0
b,split-half bin,cell 27-28,0.97115422902674,0.9775364439771639,2.0
b,split-half bin,cell 28-27,0.9775292169603486,0.971163520628773,3.0
b,split-half bin,cell 28-28,0.9775292169603486,0.9775364439771639,3.0
b,split-half bin,cell 28-29,0.9775292169603486,0.9839093673255548,1.0
b,split-half bin,cell 28-30,0.9775292169603486,0.9902822906739459,1.0
b,split-half bin,cell 29-27,0.9839042048939571,0.971163520628773,1.0
b,split-half bin,cell 29-28,0.9839042048939571,0.9775364439771639,3.0
b,split-half bin,cell 29-29,0.9839042048939571,0.9839093673255548,5.0
b,split-half bin,cell 29-30,0.9839042048939571,0.9902822906739459,6.0
b,split-half bin,cell 30-29,0.9902791928275656,0.9839093673255548,1.0
b,split-half bin,cell 30-30,0.9902791928275656,0.9902822906739459,7.0
b,split-half bin,cell 31-31,0.9966541807611742,0.9966552140223368,2.0
b,reliability,Spearman-Brown,0.9850569378571297,90052.0,0.9705538907545793
c,choice-set schematic,broad,0.18,0.34,0.0
c,choice-set schematic,broad,0.3,0.68,0.0
c,choice-set schematic,middle excluded,0.49,0.48,2.0
c,choice-set schematic,specialized,0.7,0.66,1.0
c,choice-set schematic,specialized,0.82,0.32,1.0
d,frozen macrodomain,D00,-0.0342046685203113,0.1105958442580206,0.0375919891124499
d,frozen macrodomain,D01,0.0523277439937151,0.0167516361008601,0.0215812395117323
d,frozen macrodomain,D02,-0.0591192525510592,-0.0742028748224163,0.0141980738818197
d,frozen macrodomain,D03,0.1011279583262825,0.0367187464695831,0.0195872439673927
d,frozen macrodomain,D04,0.0212225963239773,-0.0534941394670355,0.0539912438722912
d,frozen macrodomain,D05,0.0969931905652713,0.0371329081566922,0.0326339108308811
d,frozen macrodomain,D06,-0.0822686499365481,-0.0887248788475819,0.0301570924660567
d,frozen macrodomain,D07,0.1429795859428394,-0.036421930098354,0.0450598054966033
d,frozen macrodomain,D08,-0.0766478972438503,0.1442627189637385,0.0395582902742292
d,frozen macrodomain,D09,-0.0148226304491285,-0.1059289080167149,0.0390644942078243
d,frozen macrodomain,D10,-0.1240388342734511,0.1059364462768814,0.021858444605095
d,frozen macrodomain,D11,-0.0981659061228007,-0.0131619078014107,0.0323496515079983
d,frozen macrodomain,D12,0.0128598156191904,0.0788792720366603,0.039436800765828
d,frozen macrodomain,D13,-0.0219876191268168,0.0302506262957197,0.0117884013313159
d,frozen macrodomain,D14,-0.0721375515794878,-0.1121455937842287,0.0283909224084393
d,frozen macrodomain,D15,-0.0634394230087979,-0.0832498044569469,0.0357265373060315
d,frozen macrodomain,D16,-0.1077866308214021,0.0122801929706547,0.0381991753866958
d,frozen macrodomain,D17,-0.0251273404663739,-0.0613807910702943,0.0276821029755523
d,frozen macrodomain,D18,-0.0364924192438765,0.0850548882725035,0.039736213618791
d,frozen macrodomain,D19,0.1685464520934394,-0.0787332136477452,0.0183663397249007
d,frozen macrodomain,D20,0.0962196889477994,0.0589857425441173,0.0286059457749214
d,frozen macrodomain,D21,0.1533354398454846,-0.0080711730000316,0.0230030586616663
d,frozen macrodomain,D22,0.0455851788802135,0.0763387642884218,0.0222459046931789
d,frozen macrodomain,D23,-0.0537259327181446,-0.0137653329608688,0.0280311567029158
d,frozen macrodomain,D24,0.0589857558735744,0.0384770038274734,0.0337014508982516
d,frozen macrodomain,D25,-0.0484407063772321,-0.0328827131851717,0.0224219991634206
d,frozen macrodomain,D26,0.0018934545078476,0.0701027700635398,0.0279974531618754
d,frozen macrodomain,D27,-0.0752930798530517,-0.1026371119206324,0.0385359495293391
d,frozen macrodomain,D28,-0.0610874454447861,0.118072259773902,0.034048153215775
d,frozen macrodomain,D29,0.1835821533304492,-0.0080738422954853,0.023884576083915
d,frozen macrodomain,D30,0.0118952144415019,-0.1079724479061005,0.04370800610635
d,frozen macrodomain,D31,-0.0927682409544676,-0.0389931570177499,0.046858372756461
